transaction_id,sender_id,recipient_id,transaction_type,amount,location,payment_method,sender_iban_x,recipient_iban_x,balance_after,description,timestamp,sender_signature,recipient_signature,sender_user_idx_sig,recipient_user_idx_sig,sender_user_idx_iban,recipient_user_idx_iban,sender_user_idx,recipient_user_idx,sender_link_score,recipient_link_score,sender_first_name,sender_last_name,sender_user_full_name,sender_residence_city,sender_residence_lat,sender_residence_lng,sender_salary,sender_job,sender_iban_y,sender_user_signature,recipient_first_name,recipient_last_name,recipient_user_full_name,recipient_residence_city,recipient_residence_lat,recipient_residence_lng,recipient_salary,recipient_job,recipient_iban_y,recipient_user_signature,city_lat,city_lng,latest_gps_lat,latest_gps_lng,latest_gps_timestamp,sender_comm_mentions,recipient_comm_mentions,amount_robust_z_sender,amount_robust_z_recipient,new_sender_recipient_pair,new_payment_method_for_sender,new_transaction_type_for_sender,description_present,description_length,description_keyword_hits,txn_count_past_1h,txn_count_past_24h,txn_count_past_7d,time_since_prev_txn_seconds,hour_rarity,weekday_rarity,burst_count_10min,distance_from_residence_km,distance_from_latest_gps_km,geo_novelty,suspicious_communication_window_score,comm_events_past_7d,ref_sender_amount_robust_z,ref_recipient_amount_robust_z,pair_seen_in_reference,payment_method_seen_by_sender_ref,transaction_type_seen_by_sender_ref,reference_hour_rarity,reference_weekday_rarity,reference_geo_novelty,unseen_transaction_type_indicator,unseen_payment_method_indicator,unseen_location_pattern_indicator,iso_anomaly_score,lof_anomaly_score,novelty_score,transaction_behavior_score,transaction_behavior_reason,temporal_sequence_score,temporal_sequence_reason,geospatial_score,geospatial_reason,communication_risk_score,communication_risk_reason,novelty_drift_score,novelty_drift_reason,final_risk_score,top_risk_reasons,flagged,threshold_used
c1da1f34-1760-4841-966f-cbed3f255dfb,GRSC-KRLH-807-DIE-1,,in-person payment,16.29,Dietzenbach - Dietzenbach Coffee House,smartwatch,DE41E6333599170389191000654,IT12C4911119659728199667090917,23364.01,,2087-06-14 09:23:14+00:00,GRSC-KRLH,,1.0,,1.0,,1.0,,0.95,0.0,Karl-Hermann,Girschner,Karl-Hermann Girschner,Dietzenbach,50.0167,8.7833,33200.0,Freelance Designer,DE41E6333599170389191000654,GRSC-KRLH,,,,,,,,,,,,,50.0149,8.7735,2087-06-13 19:20:14+00:00,66,9,-12.205044994751411,0.0,1,1,1,0,0,0,0.0,0.0,0.0,847189.0,0.8571428571428572,0.7142857142857143,0.0,,,1.0,0.04472557008693293,1.0,-12.205044994751411,0.0,1,1,1,0.875,0.85,0.9875,0,0,0,0.9233711702332872,2.2409704031617004e-06,0.46168670560184516,0.6061686705601845,sender_amount_outlier;sender_vs_reference_outlier;new_counterparty_pair;new_payment_method,0.42819795973824587,rapid_sequence;unusual_hour;rare_vs_reference_hour;rare_vs_reference_weekday,0.28837500000000005,new_geo_context;geo_rare_vs_reference,0.0,no_risky_communication_context,0.6747883639694822,stable_profile,0.42296872521900764,stable_profile | sender_amount_outlier;sender_vs_reference_outlier;new_counterparty_pair;new_payment_method | rapid_sequence;unusual_hour;rare_vs_reference_hour;rare_vs_reference_weekday,True,0.35
beaa4b03-0a2f-48a1-abb4-a5c7378ed046,RGNR-LNAA-7FF-AUD-0,RETRB44116,e-commerce,106.15,UrbanCart Marketplace,PayPal,FR85H4824371990132980420818,IT91O5211763429097941016653304,38757.65,,2087-10-30 11:21:05+00:00,RGNR-LNAA,,0.0,,0.0,,0.0,,0.95,0.0,Alain,Regnier,Alain Regnier,Audincourt,47.4836,6.8403,34100.0,Office Clerk,FR85H4824371990132980420818,RGNR-LNAA,,,,,,,,,,,,,47.48,6.8257,2087-10-27 01:39:20+00:00,67,9,-16.187632525197476,0.0,1,1,1,0,0,0,0.0,0.0,0.0,2062969.0,0.8666666666666667,0.8666666666666667,0.0,,,1.0,0.00041543209581898656,0.0,-16.187632525197476,0.0,1,1,1,0.95,0.875,0.9875,0,0,0,0.9985808840320022,2.0877141649669272e-05,0.4993008805868259,0.6099300880586827,sender_amount_outlier;sender_vs_reference_outlier;new_counterparty_pair;new_payment_method,0.4470426916738286,rapid_sequence;unusual_hour;unusual_weekday;rare_vs_reference_hour,0.28837500000000005,new_geo_context;geo_rare_vs_reference,0.0,no_risky_communication_context,0.6445939223218209,stable_profile,0.42235586900912464,stable_profile | sender_amount_outlier;sender_vs_reference_outlier;new_counterparty_pair;new_payment_method | rapid_sequence;unusual_hour;unusual_weekday;rare_vs_reference_hour,True,0.35
32e73719-7b07-4c61-9fac-6c715c92ab1f,BRCH-TRCY-802-HAM-1,MKTSW90199,e-commerce,99.8,SwiftCart Online,debit card,GB55A1899498623707047636913,IT74G5663459696944669320308106,9048.07,,2087-01-22 16:22:55+00:00,BRCH-TRCY,,2.0,,2.0,,2.0,,0.95,0.0,Tracy,Birch,Tracy Birch,Hampstead,51.5541,-0.1744,12700.0,Ride-share Driver,GB55A1899498623707047636913,BRCH-TRCY,,,,,,,,,,,,,51.5433,-0.1325,2087-01-22 13:43:24+00:00,63,9,-6.86076086956521,0.6745000000000001,1,1,1,0,0,0,0.0,0.0,0.0,1381959.0,0.8,0.8,0.0,,,1.0,0.0,0.0,-6.86076086956521,0.6745000000000001,1,1,1,0.925,0.875,0.975,0,0,0,1.0,3.046166753040243e-05,0.5000152308337652,0.6369815230833766,sender_amount_outlier;sender_vs_reference_outlier;new_counterparty_pair;new_payment_method,0.4337229785872475,rapid_sequence;rare_vs_reference_hour;rare_vs_reference_weekday,0.28675,new_geo_context;geo_rare_vs_reference,0.0,no_risky_communication_context,0.6151786411827537,stable_profile,0.42171157759369066,sender_amount_outlier;sender_vs_reference_outlier;new_counterparty_pair;new_payment_method | stable_profile | rapid_sequence;rare_vs_reference_hour;rare_vs_reference_weekday,True,0.35
3ba7708b-367a-4637-9b52-d8fea85dc8e7,BRCH-TRCY-802-HAM-1,ACCRN68493,direct debit,22.21,,,GB55A1899498623707047636913,IT24M4140981830157061401795306,12379.83,Rideshare app subscription,2087-06-11 05:39:27+00:00,BRCH-TRCY,,2.0,,2.0,,2.0,,0.95,0.0,Tracy,Birch,Tracy Birch,Hampstead,51.5541,-0.1744,12700.0,Ride-share Driver,GB55A1899498623707047636913,BRCH-TRCY,,,,,,,,,,,,,51.5128,-0.1701,2087-06-08 20:12:16+00:00,63,9,-8.856735507246368,0.0,1,0,1,1,26,0,0.0,0.0,1.0,468665.0,0.9333333333333333,0.8,0.0,,,0.0,0.15012458479926677,3.0,-8.856735507246368,0.0,1,0,1,0.9875,0.875,0.050000000000000044,0,1,0,0.7157710047410568,2.0132521403980342e-06,0.35788650899659863,0.5757886508996599,sender_amount_outlier;sender_vs_reference_outlier;new_counterparty_pair;unseen_method_in_reference,0.5320745778632797,rapid_sequence;unusual_hour;rare_vs_reference_hour;rare_vs_reference_weekday,0.006500000000000006,geo_consistent,0.0,no_risky_communication_context,0.6909376132157016,stable_profile,0.393044508203387,stable_profile | sender_amount_outlier;sender_vs_reference_outlier;new_counterparty_pair;unseen_method_in_reference | rapid_sequence;unusual_hour;rare_vs_reference_hour;rare_vs_reference_weekday,True,0.35
f8efb252-3303-4666-a1db-1633bcfab23e,EMP92998,RGNR-LNAA-7FF-AUD-0,transfer,2796.6,,,IT24Q9761542929117361438734311,FR85H4824371990132980420818,31507.46,Salary payment Jun,2087-06-07 10:03:28+00:00,,RGNR-LNAA,,0.0,,0.0,,0.0,0.0,0.95,,,,,,,,,,,Alain,Regnier,Alain Regnier,Audincourt,47.4836,6.8403,34100.0,Office Clerk,FR85H4824371990132980420818,RGNR-LNAA,,,,,,9,67,-2.852210282258041,-2.852210282258041,0,0,0,1,18,0,0.0,0.0,0.0,2743477.0,0.9166666666666666,0.8333333333333334,0.0,,,0.0,0.6335600689471419,2.0,-2.852210282258041,-2.852210282258041,1,0,1,0.9125,0.85,0.050000000000000044,0,1,0,0.5304937980688043,1.8008961849018367e-06,0.2652477994824946,0.34748475676276336,unseen_method_in_reference,0.44544574813377746,rapid_sequence;unusual_hour;unusual_weekday;rare_vs_reference_hour,0.006500000000000006,geo_consistent,0.7376639021115132,"mail:heuristic_mail: kw=6, domain=4, url=1",0.3718534635802114,stable_profile,0.38713800734483966,"mail:heuristic_mail: kw=6, domain=4, url=1 | rapid_sequence;unusual_hour;unusual_weekday;rare_vs_reference_hour | stable_profile",True,0.35
9caf7a6f-afa8-43a8-b0bb-8a81d16f8cc3,RGNR-LNAA-7FF-AUD-0,ACCST55537,direct debit,46.09,,,FR85H4824371990132980420818,IT86B8103978239516296290056188,29700.6,Mobile phone monthly plan,2087-06-06 02:45:45+00:00,RGNR-LNAA,,0.0,,0.0,,0.0,,0.95,0.0,Alain,Regnier,Alain Regnier,Audincourt,47.4836,6.8403,34100.0,Office Clerk,FR85H4824371990132980420818,RGNR-LNAA,,,,,,,,,,,,,47.4737,6.831,2087-06-05 03:52:42+00:00,67,9,-17.29115935712338,-0.6744999999999999,1,0,1,1,25,0,0.0,0.0,0.0,2714098.0,0.9333333333333333,0.8,0.0,,,0.0,0.007014055930546994,0.0,-17.29115935712338,-0.6744999999999999,1,0,1,0.9875,0.875,0.050000000000000044,0,1,0,0.5676506040792048,3.984046684876516e-06,0.2838272940629448,0.5953627294062945,sender_amount_outlier;sender_vs_reference_outlier;new_counterparty_pair;unseen_method_in_reference,0.4520296690491277,rapid_sequence;unusual_hour;rare_vs_reference_hour;rare_vs_reference_weekday,0.006500000000000006,geo_consistent,0.0,no_risky_communication_context,0.634743962782856,stable_profile,0.3724014113445021,stable_profile | sender_amount_outlier;sender_vs_reference_outlier;new_counterparty_pair;unseen_method_in_reference | rapid_sequence;unusual_hour;rare_vs_reference_hour;rare_vs_reference_weekday,True,0.35
44fdd50c-73f4-4f0d-8b03-0409ebd8890b,EMP92998,RGNR-LNAA-7FF-AUD-0,transfer,2883.07,,,IT24Q9761542929117361438734311,FR85H4824371990132980420818,23406.79,Salary payment Jan,2087-01-06 18:39:20+00:00,,RGNR-LNAA,,0.0,,0.0,,0.0,0.0,0.95,,,,,,,,,,,Alain,Regnier,Alain Regnier,Audincourt,47.4836,6.8403,34100.0,Office Clerk,FR85H4824371990132980420818,RGNR-LNAA,,,,,,9,67,1.851339314516132,1.851339314516132,1,1,1,1,18,0,0.0,0.0,0.0,9000000000.0,0.8333333333333334,0.9166666666666666,0.0,,,1.0,0.021946479038813464,1.0,1.851339314516132,1.851339314516132,1,0,1,0.925,0.875,0.050000000000000044,0,1,0,0.8831889551983602,0.9999999999993652,0.9415944775988627,0.5500366826389188,new_counterparty_pair;new_payment_method;unseen_method_in_reference;new_transaction_type,0.26525000000000004,unusual_hour;unusual_weekday;rare_vs_reference_hour;rare_vs_reference_weekday,0.1665,new_geo_context,0.0733454567761334,"mail:heuristic_mail: kw=0, domain=1, url=1",0.5826506896937728,feature_novelty,0.35177957750348043,feature_novelty | new_counterparty_pair;new_payment_method;unseen_method_in_reference;new_transaction_type | unusual_hour;unusual_weekday;rare_vs_reference_hour;rare_vs_reference_weekday,True,0.35
be65ac20-9102-4206-adba-b53380910ecf,BRCH-TRCY-802-HAM-1,MKTSW90199,e-commerce,44.95,SwiftCart Online,debit card,GB55A1899498623707047636913,IT38Z6425332149647507994595213,11017.85,,2087-05-04 09:28:11+00:00,BRCH-TRCY,,2.0,,2.0,,2.0,,0.95,0.0,Tracy,Birch,Tracy Birch,Hampstead,51.5541,-0.1744,12700.0,Ride-share Driver,GB55A1899498623707047636913,BRCH-TRCY,,,,,,,,,,,,,51.5298,-0.1686,2087-05-02 19:34:28+00:00,63,9,-8.271757246376804,-0.6745000000000001,0,0,0,0,0,0,0.0,0.0,0.0,2419233.0,0.8,0.7333333333333334,0.0,,,0.0,0.42926802573345446,2.0,-8.271757246376804,-0.6745000000000001,1,1,1,0.875,0.7875,0.975,0,0,0,0.9555894569187384,7.666432063880073e-06,0.47779856167540113,0.40475985616754007,sender_amount_outlier;sender_vs_reference_outlier,0.4206605663693706,rapid_sequence;rare_vs_reference_hour,0.12675,geo_rare_vs_reference,0.0,no_risky_communication_context,0.7086846164842542,stable_profile,0.3453081039679511,stable_profile | rapid_sequence;rare_vs_reference_hour | sender_amount_outlier;sender_vs_reference_outlier,False,0.35
8289782a-685b-45cd-b0a1-2caed460b686,RGNR-LNAA-7FF-AUD-0,ACCST55537,direct debit,125.55,,,FR85H4824371990132980420818,IT68A4965056510865645348459555,42248.36,Private health insurance monthly premium,2087-12-09 08:05:41+00:00,RGNR-LNAA,,0.0,,0.0,,0.0,,0.95,0.0,Alain,Regnier,Alain Regnier,Audincourt,47.4836,6.8403,34100.0,Office Clerk,FR85H4824371990132980420818,RGNR-LNAA,,,,,,,,,,,,,47.4953,6.8337,2087-12-08 03:54:13+00:00,67,9,-15.831181966766533,0.6745000000000001,0,0,0,1,40,0,0.0,0.0,1.0,243017.0,0.8,0.8666666666666667,0.0,,,0.0,0.09944696549315378,3.0,-15.831181966766533,0.6745000000000001,1,0,1,0.925,0.8625,0.050000000000000044,0,1,0,0.5154131598035893,2.013252140398039e-06,0.25770758652786485,0.43275075865278645,sender_amount_outlier;sender_vs_reference_outlier;unseen_method_in_reference,0.5177874241721041,rapid_sequence;unusual_weekday;rare_vs_reference_hour;rare_vs_reference_weekday,0.006500000000000006,geo_consistent,0.0,no_risky_communication_context,0.6171201448341063,stable_profile,0.3368493233273402,stable_profile | rapid_sequence;unusual_weekday;rare_vs_reference_hour;rare_vs_reference_weekday | sender_amount_outlier;sender_vs_reference_outlier;unseen_method_in_reference,False,0.35
fff9978c-8395-490a-95a1-8347bc751a2b,EMP96127,BRCH-TRCY-802-HAM-1,transfer,1079.04,,,IT90D8110289790688935324753197,GB55A1899498623707047636913,9483.96,Salary payment Jan,2087-01-05 12:32:25+00:00,,BRCH-TRCY,,2.0,,2.0,,2.0,0.0,0.95,,,,,,,,,,,Tracy,Birch,Tracy Birch,Hampstead,51.5541,-0.1744,12700.0,Ride-share Driver,GB55A1899498623707047636913,BRCH-TRCY,,,,,,9,63,1.2991789772727327,1.2991789772727327,1,1,1,1,18,0,0.0,0.0,0.0,9000000000.0,0.75,0.8333333333333334,0.0,,,1.0,0.0,0.0,1.2991789772727327,1.2991789772727327,1,0,1,0.8875,0.7875,0.050000000000000044,0,1,0,0.9532290633506323,1.0,0.9766145316753161,0.5010834560084412,new_counterparty_pair;new_payment_method;unseen_method_in_reference;new_transaction_type,0.24370833333333336,unusual_weekday;rare_vs_reference_hour,0.1665,new_geo_context,0.0,no_risky_communication_context,0.5373208259636627,feature_novelty,0.31240278302248947,feature_novelty | new_counterparty_pair;new_payment_method;unseen_method_in_reference;new_transaction_type | unusual_weekday;rare_vs_reference_hour,False,0.35
c7491b59-9186-42c8-a930-1411b13dfe13,BRCH-TRCY-802-HAM-1,ABIT36422,transfer,336.09,,,GB55A1899498623707047636913,IT79Z3132921345218816901038837,9147.87,Rent payment Jan - Rental Management,2087-01-06 16:30:16+00:00,BRCH-TRCY,,2.0,,2.0,,2.0,,0.95,0.0,Tracy,Birch,Tracy Birch,Hampstead,51.5541,-0.1744,12700.0,Ride-share Driver,GB55A1899498623707047636913,BRCH-TRCY,,,,,,,,,,,,,51.5963,-0.2279,2087-01-06 08:48:25+00:00,63,9,-0.7822862318840578,-1.4208713543170648,1,1,1,1,36,0,0.0,0.0,0.0,9000000000.0,0.8,0.8666666666666667,0.0,,,1.0,0.0,0.0,-0.7822862318840578,-1.4208713543170648,1,0,1,0.925,0.875,0.050000000000000044,0,1,0,0.8046326071557341,0.9999999999993586,0.9023163035775463,0.4700922272840604,new_counterparty_pair;new_payment_method;unseen_method_in_reference;new_transaction_type,0.2584166666666667,unusual_weekday;rare_vs_reference_hour;rare_vs_reference_weekday,0.1665,new_geo_context,0.0,no_risky_communication_context,0.4891101032100946,feature_novelty,0.29798897555068726,feature_novelty | new_counterparty_pair;new_payment_method;unseen_method_in_reference;new_transaction_type | unusual_weekday;rare_vs_reference_hour;rare_vs_reference_weekday,False,0.35
b54bb23c-6703-4d7b-8149-411205534ef9,EMP14947,GRSC-KRLH-807-DIE-1,transfer,2816.15,,,IT94K6977238831108098344306373,DE41E6333599170389191000654,15388.8,Salary payment Jan,2087-01-04 11:23:43+00:00,,GRSC-KRLH,,1.0,,1.0,,1.0,0.0,0.95,,,,,,,,,,,Karl-Hermann,Girschner,Karl-Hermann Girschner,Dietzenbach,50.0167,8.7833,33200.0,Freelance Designer,DE41E6333599170389191000654,GRSC-KRLH,,,,,,9,66,1.1468264167393245,1.1468264167393245,1,1,1,1,18,0,0.0,0.0,0.0,9000000000.0,0.9166666666666666,0.8333333333333334,0.0,,,1.0,0.0,0.0,1.1468264167393245,1.1468264167393245,1,0,1,0.95,0.85,0.050000000000000044,0,1,0,0.6363367909238784,0.9999999999992871,0.8181683954615828,0.4707653491363941,new_counterparty_pair;new_payment_method;unseen_method_in_reference;new_transaction_type,0.2685,unusual_hour;unusual_weekday;rare_vs_reference_hour;rare_vs_reference_weekday,0.1665,new_geo_context,0.0,no_risky_communication_context,0.45924211421164113,feature_novelty,0.29481787831628575,new_counterparty_pair;new_payment_method;unseen_method_in_reference;new_transaction_type | feature_novelty | unusual_hour;unusual_weekday;rare_vs_reference_hour;rare_vs_reference_weekday,False,0.35
2d22a0cd-8297-4d67-bd84-9e1ceaba5b10,GRSC-KRLH-807-DIE-1,CMPNT41147,transfer,325.39,,,DE41E6333599170389191000654,IT49S1734995729411554862117920,26656.71,Internet bill Sep,2087-09-04 12:13:53+00:00,GRSC-KRLH,,1.0,,1.0,,1.0,,0.95,0.0,Karl-Hermann,Girschner,Karl-Hermann Girschner,Dietzenbach,50.0167,8.7833,33200.0,Freelance Designer,DE41E6333599170389191000654,GRSC-KRLH,,,,,,,,,,,,,25.9147,85.0533,2087-09-03 17:24:24+00:00,66,9,-8.225887632407675,0.0,1,0,0,1,17,0,0.0,0.0,0.0,2753114.0,0.9285714285714286,0.8571428571428572,0.0,,,0.0,0.0835056745950848,1.0,-8.225887632407675,0.0,1,0,1,0.8875,0.875,0.050000000000000044,0,1,0,0.48812500380075247,1.905815230330512e-06,0.2440634548079914,0.5044063454807992,sender_amount_outlier;sender_vs_reference_outlier;new_counterparty_pair;unseen_method_in_reference,0.44755269825025873,rapid_sequence;unusual_hour;unusual_weekday;rare_vs_reference_hour,0.006500000000000006,geo_consistent,0.0,no_risky_communication_context,0.31022663832494396,stable_profile,0.2876251112831654,sender_amount_outlier;sender_vs_reference_outlier;new_counterparty_pair;unseen_method_in_reference | rapid_sequence;unusual_hour;unusual_weekday;rare_vs_reference_hour | stable_profile,False,0.35
45f793a8-8223-4e65-9b6b-fa1b0a62d4aa,GRSC-KRLH-807-DIE-1,ABIT68841,transfer,926.07,,,DE41E6333599170389191000654,IT87X9744454583635094041887989,14462.73,Rent payment Jan - Residenze Milano Dietzenbach,2087-01-04 15:29:49+00:00,GRSC-KRLH,,1.0,,1.0,,1.0,,0.95,0.0,Karl-Hermann,Girschner,Karl-Hermann Girschner,Dietzenbach,50.0167,8.7833,33200.0,Freelance Designer,DE41E6333599170389191000654,GRSC-KRLH,,,,,,,,,,,,,50.0041,8.8099,2087-01-03 15:28:00+00:00,66,9,-0.4931142761713899,-0.635934402488736,1,1,1,1,47,0,0.0,0.0,0.0,9000000000.0,0.7857142857142857,0.7142857142857143,0.0,,,1.0,0.0,0.0,-0.4931142761713899,-0.635934402488736,1,0,1,0.8875,0.85,0.050000000000000044,0,1,0,0.5506627006028775,0.9999999999992844,0.7753313503010809,0.410091796319084,new_counterparty_pair;new_payment_method;unseen_method_in_reference;new_transaction_type,0.24207142857142858,rare_vs_reference_hour;rare_vs_reference_weekday,0.1665,new_geo_context,0.0,no_risky_communication_context,0.4382739021954372,feature_novelty,0.2687692910788079,feature_novelty | new_counterparty_pair;new_payment_method;unseen_method_in_reference;new_transaction_type | rare_vs_reference_hour;rare_vs_reference_weekday,False,0.35
7dc83725-605a-4fab-9e5a-017200a34b9a,RGNR-LNAA-7FF-AUD-0,RES83889,transfer,982.6,,,FR85H4824371990132980420818,IT19K6545578802800372895511504,22424.19,Rent payment Jan - Casa Tua Audincourt,2087-01-07 18:20:09+00:00,RGNR-LNAA,,0.0,,0.0,,0.0,,0.95,0.0,Alain,Regnier,Alain Regnier,Audincourt,47.4836,6.8403,34100.0,Office Clerk,FR85H4824371990132980420818,RGNR-LNAA,,,,,,,,,,,,,47.4971,6.8642,2087-01-07 09:13:49+00:00,67,9,-0.08396799237264925,-0.5177683574879199,1,1,1,1,38,0,0.0,0.0,0.0,9000000000.0,0.9333333333333333,0.8666666666666667,0.0,,,1.0,0.013400172741486952,1.0,-0.08396799237264925,-0.5177683574879199,1,0,1,0.925,0.8625,0.050000000000000044,0,1,0,0.5976198725110606,0.9999999999993666,0.7988099362552137,0.3852099675055338,new_counterparty_pair;new_payment_method;unseen_method_in_reference;new_transaction_type,0.27112500000000006,unusual_hour;unusual_weekday;rare_vs_reference_hour;rare_vs_reference_weekday,0.1665,new_geo_context,0.05278820717360835,"mail:heuristic_mail: kw=0, domain=1, url=1",0.3668065765587177,feature_novelty,0.2642508519733682,new_counterparty_pair;new_payment_method;unseen_method_in_reference;new_transaction_type | feature_novelty | unusual_hour;unusual_weekday;rare_vs_reference_hour;rare_vs_reference_weekday,False,0.35
139def3a-22bd-4465-90fa-d37d49f13070,EMP92998,RGNR-LNAA-7FF-AUD-0,transfer,2795.1,,,IT24Q9761542929117361438734311,FR85H4824371990132980420818,27970.21,Salary payment Apr,2087-04-06 18:55:54+00:00,,RGNR-LNAA,,0.0,,0.0,,0.0,0.0,0.95,,,,,,,,,,,Alain,Regnier,Alain Regnier,Audincourt,47.4836,6.8403,34100.0,Office Clerk,FR85H4824371990132980420818,RGNR-LNAA,,,,,,9,67,-2.933803024193524,-2.933803024193524,0,0,0,1,18,0,0.0,0.0,0.0,2799385.0,0.8333333333333334,0.6666666666666667,0.0,,,0.0,0.06126364373715648,1.0,-2.933803024193524,-2.933803024193524,1,0,1,0.925,0.7875,0.050000000000000044,0,1,0,0.5666249084935161,3.040128771607452e-06,0.28331397431114386,0.3570426847294991,unseen_method_in_reference,0.4233196299699393,rapid_sequence;unusual_hour;rare_vs_reference_hour,0.006500000000000006,geo_consistent,0.00591198528557378,"mail:heuristic_mail: kw=3, domain=1, url=1",0.3642594373117135,stable_profile,0.25230673378575935,rapid_sequence;unusual_hour;rare_vs_reference_hour | stable_profile | unseen_method_in_reference,False,0.35
dd81e9f0-e9b6-4586-a9f4-79994d6b1f21,RGNR-LNAA-7FF-AUD-0,RES83889,transfer,989.74,,,FR85H4824371990132980420818,IT19K6545578802800372895511504,28710.86,Rent payment Jun - Casa Tua Audincourt,2087-06-06 11:20:38+00:00,RGNR-LNAA,,0.0,,0.0,,0.0,,0.95,0.0,Alain,Regnier,Alain Regnier,Audincourt,47.4836,6.8403,34100.0,Office Clerk,FR85H4824371990132980420818,RGNR-LNAA,,,,,,,,,,,,,47.4737,6.831,2087-06-05 03:52:42+00:00,67,9,0.04722051212203847,-0.36266594202898333,0,0,0,1,38,0,0.0,1.0,1.0,30893.0,0.8666666666666667,0.8,0.0,,,0.0,0.005865790118718439,0.0,0.04722051212203847,-0.36266594202898333,1,0,1,0.95,0.875,0.050000000000000044,0,1,0,0.47242826211310834,2.487341646982718e-06,0.23621537472737766,0.09072530332060921,unseen_method_in_reference,0.6624166666666667,rapid_sequence;unusual_hour;rare_vs_reference_hour;rare_vs_reference_weekday,0.006500000000000006,geo_consistent,0.0,no_risky_communication_context,0.43939309613644983,stable_profile,0.2380171755676649,rapid_sequence;unusual_hour;rare_vs_reference_hour;rare_vs_reference_weekday | stable_profile | unseen_method_in_reference,False,0.35
ea9f3acb-d2af-4b42-8588-9a7eb7823137,RGNR-LNAA-7FF-AUD-0,RES83889,transfer,1081.71,,,FR85H4824371990132980420818,IT19K6545578802800372895511504,37675.94,Rent payment Nov - Casa Tua Audincourt,2087-11-05 10:38:45+00:00,RGNR-LNAA,,0.0,,0.0,,0.0,,0.95,0.0,Alain,Regnier,Alain Regnier,Audincourt,47.4836,6.8403,34100.0,Office Clerk,FR85H4824371990132980420818,RGNR-LNAA,,,,,,,,,,,,,47.4549,6.8828,2087-11-04 14:46:52+00:00,67,9,1.7370533914464719,1.6352008856682754,0,0,0,1,38,0,0.0,0.0,1.0,515860.0,0.8666666666666667,0.8666666666666667,0.0,,,0.0,0.3768476246619439,1.0,1.7370533914464719,1.6352008856682754,1,0,1,0.9125,0.875,0.050000000000000044,0,1,0,0.37584834846239445,2.0964019127127347e-06,0.1879252224321536,0.22973849419950232,unseen_method_in_reference,0.5240736339600397,rapid_sequence;unusual_hour;unusual_weekday;rare_vs_reference_hour,0.006500000000000006,geo_consistent,0.0,no_risky_communication_context,0.3541466064874809,stable_profile,0.23392789433561517,rapid_sequence;unusual_hour;unusual_weekday;rare_vs_reference_hour | stable_profile | unseen_method_in_reference,False,0.35
09e4d085-53f1-46c6-b28b-7d34dab52052,GRSC-KRLH-807-DIE-1,ABIT68841,transfer,872.52,,,DE41E6333599170389191000654,IT87X9744454583635094041887989,26982.1,Rent payment Aug - Residenze Milano Dietzenbach,2087-08-03 15:28:39+00:00,GRSC-KRLH,,1.0,,1.0,,1.0,,0.95,0.0,Karl-Hermann,Girschner,Karl-Hermann Girschner,Dietzenbach,50.0167,8.7833,33200.0,Freelance Designer,DE41E6333599170389191000654,GRSC-KRLH,,,,,,,,,,,,,49.9996,8.8196,2087-08-02 19:10:33+00:00,66,9,-1.182483013646341,-1.410864138596869,0,0,0,1,47,0,0.0,0.0,0.0,2444981.0,0.7857142857142857,0.7142857142857143,0.0,,,0.0,0.03293927603379989,4.0,-1.182483013646341,-1.410864138596869,1,0,1,0.8875,0.7875,0.050000000000000044,0,1,0,0.25056461286012743,1.1346940208385036e-06,0.12528287377707414,0.1839994186721309,unseen_method_in_reference,0.4188981466456982,rapid_sequence;rare_vs_reference_hour,0.006500000000000006,geo_consistent,0.0,no_risky_communication_context,0.4896675874738115,stable_profile,0.22447963230262236,stable_profile | rapid_sequence;rare_vs_reference_hour | unseen_method_in_reference,False,0.35
1a02f1a5-2a7a-489f-8e43-cf6f4f8fe116,BRCH-TRCY-802-HAM-1,ABIT36422,transfer,355.28,,,GB55A1899498623707047636913,IT79Z3132921345218816901038837,11713.33,Rent payment May - Rental Management,2087-05-06 09:20:42+00:00,BRCH-TRCY,,2.0,,2.0,,2.0,,0.95,0.0,Tracy,Birch,Tracy Birch,Hampstead,51.5541,-0.1744,12700.0,Ride-share Driver,GB55A1899498623707047636913,BRCH-TRCY,,,,,,,,,,,,,51.5298,-0.16,2087-05-04 17:22:24+00:00,63,9,-0.2886304347826091,-0.6733313600924054,0,0,0,1,36,0,0.0,0.0,1.0,172351.0,0.8,0.8,0.0,,,0.0,0.3620686916958136,3.0,-0.2886304347826091,-0.6733313600924054,1,0,1,0.875,0.8625,0.050000000000000044,0,1,0,0.3871922430063394,2.0815674678319544e-06,0.19359716228690363,0.11216764454543007,unseen_method_in_reference,0.5091221708302888,rapid_sequence;rare_vs_reference_hour;rare_vs_reference_weekday,0.006500000000000006,geo_consistent,0.0,no_risky_communication_context,0.3385854627731643,stable_profile,0.19521675793794777,rapid_sequence;rare_vs_reference_hour;rare_vs_reference_weekday | stable_profile | unseen_method_in_reference,False,0.35
1ac1500c-78d7-4f3a-8daa-ecdb877b2bad,EMP92998,RGNR-LNAA-7FF-AUD-0,transfer,2819.25,,,IT24Q9761542929117361438734311,FR85H4824371990132980420818,24278.31,Salary payment Feb,2087-02-07 15:28:40+00:00,,RGNR-LNAA,,0.0,,0.0,,0.0,0.0,0.95,,,,,,,,,,,Alain,Regnier,Alain Regnier,Audincourt,47.4836,6.8403,34100.0,Office Clerk,FR85H4824371990132980420818,RGNR-LNAA,,,,,,9,67,-1.6201598790322382,-1.6201598790322382,0,0,0,1,18,0,0.0,0.0,0.0,2753360.0,0.75,0.9166666666666666,0.0,,,0.0,0.14182041576510626,4.0,-1.6201598790322382,-1.6201598790322382,1,0,1,0.8875,0.875,0.050000000000000044,0,1,0,0.4802624065640345,1.9058152303305165e-06,0.24013215618963243,0.22792840412702586,unseen_method_in_reference,0.43386221713976564,rapid_sequence;unusual_weekday;rare_vs_reference_hour;rare_vs_reference_weekday,0.006500000000000006,geo_consistent,0.0,no_risky_communication_context,0.22570750676909404,stable_profile,0.19225974780195731,rapid_sequence;unusual_weekday;rare_vs_reference_hour;rare_vs_reference_weekday | unseen_method_in_reference | stable_profile,False,0.35
243504e1-f5a9-4ded-8262-d5b8a51cc1b9,EMP14947,GRSC-KRLH-807-DIE-1,transfer,2814.31,,,IT94K6977238831108098344306373,DE41E6333599170389191000654,24349.02,Salary payment Jun,2087-06-03 15:56:22+00:00,,GRSC-KRLH,,1.0,,1.0,,1.0,0.0,0.95,,,,,,,,,,,Karl-Hermann,Girschner,Karl-Hermann Girschner,Dietzenbach,50.0167,8.7833,33200.0,Freelance Designer,DE41E6333599170389191000654,GRSC-KRLH,,,,,,9,66,1.103545510026156,1.103545510026156,0,0,0,1,18,0,0.0,0.0,0.0,2690845.0,0.9166666666666666,0.9166666666666666,0.0,,,0.0,0.7760788466852111,1.0,1.103545510026156,1.103545510026156,1,0,1,0.8875,0.8625,0.050000000000000044,0,1,0,0.2678529300500278,4.865936199781374e-07,0.13392670832182388,0.1682294942846672,unseen_method_in_reference,0.449905134110724,rapid_sequence;unusual_hour;unusual_weekday;rare_vs_reference_hour,0.006500000000000006,geo_consistent,0.0,no_risky_communication_context,0.25238215583642176,stable_profile,0.18355407327240758,rapid_sequence;unusual_hour;unusual_weekday;rare_vs_reference_hour | stable_profile | unseen_method_in_reference,False,0.35
e6e1cc47-780e-40cc-9f3e-01ac239e0a87,BRCH-TRCY-802-HAM-1,ABIT36422,transfer,407.1,,,GB55A1899498623707047636913,IT79Z3132921345218816901038837,11062.8,Rent payment Apr - Rental Management,2087-04-06 09:27:38+00:00,BRCH-TRCY,,2.0,,2.0,,2.0,,0.95,0.0,Tracy,Birch,Tracy Birch,Hampstead,51.5541,-0.1744,12700.0,Ride-share Driver,GB55A1899498623707047636913,BRCH-TRCY,,,,,,,,,,,,,51.5514,-0.2163,2087-04-04 06:24:23+00:00,63,9,1.044420289855072,1.3452993069592827,0,0,0,1,36,0,0.0,0.0,0.0,2833587.0,0.8,0.7333333333333334,0.0,,,0.0,0.16398169548007835,1.0,1.044420289855072,1.3452993069592827,1,0,1,0.875,0.7875,0.050000000000000044,0,1,0,0.31445305446405836,7.3582215130603195e-06,0.1572302063427857,0.17697810885467885,unseen_method_in_reference,0.42065227926092463,rapid_sequence;rare_vs_reference_hour,0.006500000000000006,geo_consistent,0.0,no_risky_communication_context,0.2504972267842144,stable_profile,0.17981382715265362,rapid_sequence;rare_vs_reference_hour | stable_profile | unseen_method_in_reference,False,0.35
4af1fdf6-8b4e-4d2b-ab32-97e2cd197792,EMP14947,GRSC-KRLH-807-DIE-1,transfer,2717.11,,,IT94K6977238831108098344306373,DE41E6333599170389191000654,18910.83,Salary payment Mar,2087-03-03 10:55:16+00:00,,GRSC-KRLH,,1.0,,1.0,,1.0,0.0,0.95,,,,,,,,,,,Karl-Hermann,Girschner,Karl-Hermann Girschner,Dietzenbach,50.0167,8.7833,33200.0,Freelance Designer,DE41E6333599170389191000654,GRSC-KRLH,,,,,,9,66,-1.1828154315605912,-1.1828154315605912,0,0,0,1,18,0,0.0,0.0,0.0,2406163.0,0.9166666666666666,0.8333333333333334,0.0,,,0.0,0.06355975970068552,1.0,-1.1828154315605912,-1.1828154315605912,1,0,1,0.9125,0.875,0.050000000000000044,0,1,0,0.14770819843240646,1.047884918042528e-05,0.07385933864079344,0.1697533998623355,unseen_method_in_reference,0.44670249443693455,rapid_sequence;unusual_hour;unusual_weekday;rare_vs_reference_hour,0.006500000000000006,geo_consistent,0.0,no_risky_communication_context,0.22883577238427869,stable_profile,0.17910188987801104,rapid_sequence;unusual_hour;unusual_weekday;rare_vs_reference_hour | stable_profile | unseen_method_in_reference,False,0.35
eee4f7cb-10ba-4f01-8a43-37cc11c74371,RGNR-LNAA-7FF-AUD-0,RES83889,transfer,1073.33,,,FR85H4824371990132980420818,IT19K6545578802800372895511504,26896.88,Rent payment May - Casa Tua Audincourt,2087-05-05 16:50:47+00:00,RGNR-LNAA,,0.0,,0.0,,0.0,,0.95,0.0,Alain,Regnier,Alain Regnier,Audincourt,47.4836,6.8403,34100.0,Office Clerk,FR85H4824371990132980420818,RGNR-LNAA,,,,,,,,,,,,,47.4414,6.8204,2087-05-04 02:32:10+00:00,67,9,1.583081449196402,1.4531619162640865,0,0,0,1,38,0,0.0,0.0,0.0,2503103.0,0.9333333333333333,0.8,0.0,,,0.0,0.0017545988103354472,0.0,1.583081449196402,1.4531619162640865,1,0,1,0.925,0.875,0.050000000000000044,0,1,0,0.20142123468224335,4.1487912715394133e-07,0.10071082478068526,0.2052670388344341,unseen_method_in_reference,0.4470338889636128,rapid_sequence;unusual_hour;rare_vs_reference_hour;rare_vs_reference_weekday,0.006500000000000006,geo_consistent,0.0,no_risky_communication_context,0.1497091876359051,stable_profile,0.17486920244082704,rapid_sequence;unusual_hour;rare_vs_reference_hour;rare_vs_reference_weekday | unseen_method_in_reference | stable_profile,False,0.35
ed75ad30-d656-479b-9cca-06278aa87e62,EMP14947,GRSC-KRLH-807-DIE-1,transfer,2795.31,,,IT94K6977238831108098344306373,DE41E6333599170389191000654,27854.62,Salary payment Aug,2087-08-03 19:53:08+00:00,,GRSC-KRLH,,1.0,,1.0,,1.0,0.0,0.95,,,,,,,,,,,Karl-Hermann,Girschner,Karl-Hermann Girschner,Dietzenbach,50.0167,8.7833,33200.0,Freelance Designer,DE41E6333599170389191000654,GRSC-KRLH,,,,,,9,66,0.6566231037489104,0.6566231037489104,0,0,0,1,18,0,0.0,0.0,0.0,2597478.0,0.9166666666666666,0.8333333333333334,0.0,,,0.0,0.03004905627821318,4.0,0.6566231037489104,0.6566231037489104,1,0,1,0.975,0.7875,0.050000000000000044,0,1,0,0.3013551552790939,1.0911617296610129e-06,0.15067812322041177,0.12744700717818766,unseen_method_in_reference,0.44732366812380053,rapid_sequence;unusual_hour;unusual_weekday;rare_vs_reference_hour,0.006500000000000006,geo_consistent,0.0,no_risky_communication_context,0.25948096349329003,stable_profile,0.17289646906344489,rapid_sequence;unusual_hour;unusual_weekday;rare_vs_reference_hour | stable_profile | unseen_method_in_reference,False,0.35
c1ec5542-1bc7-49ba-a89c-4194f01d12c2,GRSC-KRLH-807-DIE-1,ABIT68841,transfer,914.5,,,DE41E6333599170389191000654,IT87X9744454583635094041887989,21534.71,Rent payment May - Residenze Milano Dietzenbach,2087-05-04 14:05:58+00:00,GRSC-KRLH,,1.0,,1.0,,1.0,,0.95,0.0,Karl-Hermann,Girschner,Karl-Hermann Girschner,Dietzenbach,50.0167,8.7833,33200.0,Freelance Designer,DE41E6333599170389191000654,GRSC-KRLH,,,,,,,,,,,,,50.023,8.7945,2087-05-02 07:49:14+00:00,66,9,-0.6420591182364731,-0.8033655331473937,0,0,0,1,47,0,0.0,0.0,0.0,2609273.0,0.8571428571428572,0.7142857142857143,0.0,,,0.0,0.11061424165575658,1.0,-0.6420591182364731,-0.8033655331473937,1,0,1,0.8875,0.7875,0.050000000000000044,0,1,0,0.0743908942982139,5.565069577950078e-07,0.037195725402585846,0.12116744536916035,unseen_method_in_reference,0.42603771793727646,rapid_sequence;unusual_hour;rare_vs_reference_hour,0.006500000000000006,geo_consistent,0.0,no_risky_communication_context,0.27639745719239467,stable_profile,0.16992597058545125,rapid_sequence;unusual_hour;rare_vs_reference_hour | stable_profile | unseen_method_in_reference,False,0.35
97c83f82-853e-4466-b4aa-7457625fa242,EMP92998,RGNR-LNAA-7FF-AUD-0,transfer,2861.0,,,IT24Q9761542929117361438734311,FR85H4824371990132980420818,42373.91,Salary payment Dec,2087-12-07 13:52:08+00:00,,RGNR-LNAA,,0.0,,0.0,,0.0,0.0,0.95,,,,,,,,,,,Alain,Regnier,Alain Regnier,Audincourt,47.4836,6.8403,34100.0,Office Clerk,FR85H4824371990132980420818,RGNR-LNAA,,,,,,9,67,0.6508381048387128,0.6508381048387128,0,0,0,1,18,0,0.0,0.0,0.0,2769024.0,0.8333333333333334,0.6666666666666667,0.0,,,0.0,0.23968590883852697,3.0,0.6508381048387128,0.6508381048387128,1,0,1,0.925,0.7875,0.050000000000000044,0,1,0,0.4224454103972979,6.195442803774426e-07,0.21122301497078913,0.13295192145675663,unseen_method_in_reference,0.42332023719202366,rapid_sequence;unusual_hour;rare_vs_reference_hour,0.006500000000000006,geo_consistent,0.0,no_risky_communication_context,0.23986767835303022,stable_profile,0.16610676754984205,rapid_sequence;unusual_hour;rare_vs_reference_hour | stable_profile | unseen_method_in_reference,False,0.35
dcd4abb5-035a-42dc-b963-dd23a008eeaa,EMP14947,GRSC-KRLH-807-DIE-1,transfer,2727.5,,,IT94K6977238831108098344306373,DE41E6333599170389191000654,26091.51,Salary payment Jul,2087-07-04 18:21:50+00:00,,GRSC-KRLH,,1.0,,1.0,,1.0,0.0,0.95,,,,,,,,,,,Karl-Hermann,Girschner,Karl-Hermann Girschner,Dietzenbach,50.0167,8.7833,33200.0,Freelance Designer,DE41E6333599170389191000654,GRSC-KRLH,,,,,,9,66,-0.9384194420226689,-0.9384194420226689,0,0,0,1,18,0,0.0,0.0,0.0,2687128.0,0.9166666666666666,0.75,0.0,,,0.0,0.046544928992120545,3.0,-0.9384194420226689,-0.9384194420226689,1,0,1,0.925,0.875,0.050000000000000044,0,1,0,0.14616972812694393,5.3599745532943256e-08,0.07308489086334473,0.14645833607848802,unseen_method_in_reference,0.4418635417843126,rapid_sequence;unusual_hour;rare_vs_reference_hour;rare_vs_reference_weekday,0.006500000000000006,geo_consistent,0.0,no_risky_communication_context,0.19147536998490666,stable_profile,0.16488660905612237,rapid_sequence;unusual_hour;rare_vs_reference_hour;rare_vs_reference_weekday | stable_profile | unseen_method_in_reference,False,0.35
1f219c1d-fd99-47d6-b097-44253f85accb,EMP96127,BRCH-TRCY-802-HAM-1,transfer,1045.04,,,IT90D8110289790688935324753197,GB55A1899498623707047636913,16804.68,Salary payment Dec,2087-12-04 09:01:47+00:00,,BRCH-TRCY,,2.0,,2.0,,2.0,0.0,0.95,,,,,,,,,,,Tracy,Birch,Tracy Birch,Hampstead,51.5541,-0.1744,12700.0,Ride-share Driver,GB55A1899498623707047636913,BRCH-TRCY,,,,,,9,63,-1.0699325929752135,-1.0699325929752135,0,0,0,1,18,0,0.0,0.0,0.0,2488830.0,0.9166666666666666,0.75,0.0,,,0.0,0.004821314233093064,0.0,-1.0699325929752135,-1.0699325929752135,1,0,1,0.875,0.875,0.050000000000000044,0,1,0,0.3890657130954867,8.719868371884236e-07,0.19453329254116195,0.17109692558676148,unseen_method_in_reference,0.437867507757926,rapid_sequence;unusual_hour;rare_vs_reference_hour;rare_vs_reference_weekday,0.006500000000000006,geo_consistent,0.003209465995537112,"mail:heuristic_mail: kw=1, domain=0, url=0",0.15077332506994698,stable_profile,0.16423754310766556,rapid_sequence;unusual_hour;rare_vs_reference_hour;rare_vs_reference_weekday | unseen_method_in_reference | stable_profile,False,0.35
f2798f49-f35c-4ecc-943e-30ee3d833c35,EMP96127,BRCH-TRCY-802-HAM-1,transfer,1043.21,,,IT90D8110289790688935324753197,GB55A1899498623707047636913,14095.9,Salary payment Aug,2087-08-04 18:10:01+00:00,,BRCH-TRCY,,2.0,,2.0,,2.0,0.0,0.95,,,,,,,,,,,Tracy,Birch,Tracy Birch,Hampstead,51.5541,-0.1744,12700.0,Ride-share Driver,GB55A1899498623707047636913,BRCH-TRCY,,,,,,9,63,-1.1974465392562006,-1.1974465392562006,0,0,0,1,18,0,0.0,0.0,0.0,2498817.0,0.9166666666666666,0.8333333333333334,0.0,,,0.0,0.049419102635512344,2.0,-1.1974465392562006,-1.1974465392562006,1,0,1,0.925,0.875,0.050000000000000044,0,1,0,0.3431677106083476,3.673240605106553e-07,0.17158403896620406,0.18091582512595947,unseen_method_in_reference,0.44770064135057375,rapid_sequence;unusual_hour;unusual_weekday;rare_vs_reference_hour,0.006500000000000006,geo_consistent,0.0,no_risky_communication_context,0.1247274632967634,stable_profile,0.16368750269880084,rapid_sequence;unusual_hour;unusual_weekday;rare_vs_reference_hour | unseen_method_in_reference | stable_profile,False,0.35
00b11377-c3b6-484e-b70e-c7281fe51261,GRSC-KRLH-807-DIE-1,ABIT68841,transfer,960.03,,,DE41E6333599170389191000654,IT87X9744454583635094041887989,28434.4,Rent payment Sep - Residenze Milano Dietzenbach,2087-09-06 18:50:39+00:00,GRSC-KRLH,,1.0,,1.0,,1.0,,0.95,0.0,Karl-Hermann,Girschner,Karl-Hermann Girschner,Dietzenbach,50.0167,8.7833,33200.0,Freelance Designer,DE41E6333599170389191000654,GRSC-KRLH,,,,,,,,,,,,,50.0383,8.842,2087-09-06 15:04:10+00:00,66,9,-0.05593477431052619,-0.1444943681613391,0,0,0,1,47,0,0.0,0.0,1.0,196606.0,0.9285714285714286,0.7142857142857143,0.0,,,0.0,0.02676642718053487,1.0,-0.05593477431052619,-0.1444943681613391,1,0,1,0.925,0.85,0.050000000000000044,0,1,0,0.1675704223012833,2.013252140398039e-06,0.08378621777671184,0.06723480909120369,unseen_method_in_reference,0.5193538285857664,rapid_sequence;unusual_hour;rare_vs_reference_hour;rare_vs_reference_weekday,0.006500000000000006,geo_consistent,0.0,no_risky_communication_context,0.21955620375061313,stable_profile,0.16325662893780069,rapid_sequence;unusual_hour;rare_vs_reference_hour;rare_vs_reference_weekday | stable_profile | unseen_method_in_reference,False,0.35
6650b3a2-f3e6-450a-80b6-5a54a14cbca8,EMP96127,BRCH-TRCY-802-HAM-1,transfer,1065.58,,,IT90D8110289790688935324753197,GB55A1899498623707047636913,13445.41,Salary payment Jul,2087-07-06 20:03:04+00:00,,BRCH-TRCY,,2.0,,2.0,,2.0,0.0,0.95,,,,,,,,,,,Tracy,Birch,Tracy Birch,Hampstead,51.5541,-0.1744,12700.0,Ride-share Driver,GB55A1899498623707047636913,BRCH-TRCY,,,,,,9,63,0.36128951446280794,0.36128951446280794,0,0,0,1,18,0,0.0,0.0,0.0,2694259.0,0.9166666666666666,0.8333333333333334,0.0,,,0.0,0.01490767818013645,1.0,0.36128951446280794,0.36128951446280794,1,0,1,0.9875,0.7875,0.050000000000000044,0,1,0,0.40557276841260503,3.5419223559939227e-06,0.20278815516748053,0.1046013193907148,unseen_method_in_reference,0.44832173249715634,rapid_sequence;unusual_hour;unusual_weekday;rare_vs_reference_hour,0.006500000000000006,geo_consistent,0.0,no_risky_communication_context,0.22990798092954556,stable_profile,0.16137615249614962,rapid_sequence;unusual_hour;unusual_weekday;rare_vs_reference_hour | stable_profile | unseen_method_in_reference,False,0.35
6f3885cf-c26e-454d-aba8-f1be0222f75d,BRCH-TRCY-802-HAM-1,ABIT36422,transfer,403.71,,,GB55A1899498623707047636913,IT79Z3132921345218816901038837,14396.47,Rent payment Sep - Rental Management,2087-09-05 13:23:24+00:00,BRCH-TRCY,,2.0,,2.0,,2.0,,0.95,0.0,Tracy,Birch,Tracy Birch,Hampstead,51.5541,-0.1744,12700.0,Ride-share Driver,GB55A1899498623707047636913,BRCH-TRCY,,,,,,,,,,,,,51.5694,-0.1903,2087-09-04 01:12:58+00:00,63,9,0.9572137681159405,1.2132429974010948,0,0,0,1,36,0,0.0,0.0,0.0,2489974.0,0.8666666666666667,0.9333333333333333,0.0,,,0.0,0.04944084266943034,1.0,0.9572137681159405,1.2132429974010948,1,0,1,0.925,0.875,0.050000000000000044,0,1,0,0.24385275973038179,7.897664356153443e-07,0.1219267747484087,0.1633691546172614,unseen_method_in_reference,0.4497008182111808,rapid_sequence;unusual_hour;unusual_weekday;rare_vs_reference_hour,0.006500000000000006,geo_consistent,0.0,no_risky_communication_context,0.13582462272960627,stable_profile,0.1611719590263985,rapid_sequence;unusual_hour;unusual_weekday;rare_vs_reference_hour | unseen_method_in_reference | stable_profile,False,0.35
255834d5-c7c9-4311-804f-5abe227dea1f,EMP92998,RGNR-LNAA-7FF-AUD-0,transfer,2860.1,,,IT24Q9761542929117361438734311,FR85H4824371990132980420818,40536.04,Salary payment Nov,2087-11-05 12:41:44+00:00,,RGNR-LNAA,,0.0,,0.0,,0.0,0.0,0.95,,,,,,,,,,,Alain,Regnier,Alain Regnier,Audincourt,47.4836,6.8403,34100.0,Office Clerk,FR85H4824371990132980420818,RGNR-LNAA,,,,,,9,67,0.6018824596774179,0.6018824596774179,0,0,0,1,18,0,0.0,0.0,0.0,2690438.0,0.9166666666666666,0.8333333333333334,0.0,,,0.0,0.3610940247654508,1.0,0.6018824596774179,0.6018824596774179,1,0,1,0.8875,0.875,0.050000000000000044,0,1,0,0.28906075713768997,6.126787137736066e-07,0.14453068490820187,0.12163190216017489,unseen_method_in_reference,0.4446968089174187,rapid_sequence;unusual_hour;unusual_weekday;rare_vs_reference_hour,0.006500000000000006,geo_consistent,0.0,no_risky_communication_context,0.1862985884462645,stable_profile,0.15757004030866034,rapid_sequence;unusual_hour;unusual_weekday;rare_vs_reference_hour | stable_profile | unseen_method_in_reference,False,0.35
9d893a51-4843-47dc-b66e-1436341ff374,BRCH-TRCY-802-HAM-1,ABIT36422,transfer,366.5,,,GB55A1899498623707047636913,IT79Z3132921345218816901038837,12402.04,Rent payment Jun - Rental Management,2087-06-05 19:28:22+00:00,BRCH-TRCY,,2.0,,2.0,,2.0,,0.95,0.0,Tracy,Birch,Tracy Birch,Hampstead,51.5541,-0.1744,12700.0,Ride-share Driver,GB55A1899498623707047636913,BRCH-TRCY,,,,,,,,,,,,,51.5514,-0.1383,2087-06-04 21:26:12+00:00,63,9,0.0,-0.23626003465203535,0,0,0,1,36,0,0.0,0.0,0.0,2628460.0,0.9333333333333333,0.8666666666666667,0.0,,,0.0,0.8285686743609816,2.0,0.0,-0.23626003465203535,1,0,1,0.975,0.875,0.050000000000000044,0,1,0,0.321611349536626,8.667872709220608e-06,0.1608100087046676,0.07553140225654818,unseen_method_in_reference,0.4556980484816736,rapid_sequence;unusual_hour;unusual_weekday;rare_vs_reference_hour,0.006500000000000006,geo_consistent,0.0,no_risky_communication_context,0.241769539839367,stable_profile,0.15684691949925428,rapid_sequence;unusual_hour;unusual_weekday;rare_vs_reference_hour | stable_profile | unseen_method_in_reference,False,0.35
7a010f53-8ad9-4b88-9bca-e93f6c705b62,GRSC-KRLH-807-DIE-1,ABIT68841,transfer,1032.2,,,DE41E6333599170389191000654,IT87X9744454583635094041887989,25059.31,Rent payment Jul - Residenze Milano Dietzenbach,2087-07-06 08:18:58+00:00,GRSC-KRLH,,1.0,,1.0,,1.0,,0.95,0.0,Karl-Hermann,Girschner,Karl-Hermann Girschner,Dietzenbach,50.0167,8.7833,33200.0,Freelance Designer,DE41E6333599170389191000654,GRSC-KRLH,,,,,,,,,,,,,50.0329,8.7609,2087-07-06 06:01:07+00:00,66,9,0.8731360339727081,0.8998880605020398,0,0,0,1,47,0,0.0,0.0,0.0,1896944.0,0.9285714285714286,0.7142857142857143,0.0,,,0.0,0.021109997948867122,3.0,0.8731360339727081,0.8998880605020398,1,0,1,0.925,0.7875,0.050000000000000044,0,1,0,0.13984922809577596,3.079874714474185e-05,0.06994001342146035,0.14101200563072655,unseen_method_in_reference,0.43619482170903595,rapid_sequence;unusual_hour;rare_vs_reference_hour,0.006500000000000006,geo_consistent,0.0,no_risky_communication_context,0.158972801701235,stable_profile,0.15637743022463296,rapid_sequence;unusual_hour;rare_vs_reference_hour | stable_profile | unseen_method_in_reference,False,0.35
0c9b840e-5cda-440a-8d08-5f8cb74fe41c,BRCH-TRCY-802-HAM-1,ABIT36422,transfer,374.99,,,GB55A1899498623707047636913,IT79Z3132921345218816901038837,16429.69,Rent payment Dec - Rental Management,2087-12-07 16:24:58+00:00,BRCH-TRCY,,2.0,,2.0,,2.0,,0.95,0.0,Tracy,Birch,Tracy Birch,Hampstead,51.5541,-0.1744,12700.0,Ride-share Driver,GB55A1899498623707047636913,BRCH-TRCY,,,,,,,,,,,,,51.5334,-0.2076,2087-12-06 13:24:41+00:00,63,9,0.21840217391304348,0.09446505919722813,0,0,0,1,36,0,0.0,0.0,0.0,2848585.0,0.8,0.7333333333333334,0.0,,,0.0,0.9470385214638037,1.0,0.21840217391304348,0.09446505919722813,1,0,1,0.925,0.7875,0.050000000000000044,0,1,0,0.32071816894053257,9.798913820996084e-06,0.16036398392717677,0.0818271203258242,unseen_method_in_reference,0.424651979299895,rapid_sequence;rare_vs_reference_hour,0.006500000000000006,geo_consistent,0.001065576356090961,"mail:heuristic_mail: kw=1, domain=0, url=0",0.2617956165680166,stable_profile,0.15619700427754915,rapid_sequence;rare_vs_reference_hour | stable_profile | unseen_method_in_reference,False,0.35
7af2c254-522a-46e5-b50a-030653b16f2a,EMP96127,BRCH-TRCY-802-HAM-1,transfer,1055.21,,,IT90D8110289790688935324753197,GB55A1899498623707047636913,12768.54,Salary payment Jun,2087-06-05 15:38:45+00:00,,BRCH-TRCY,,2.0,,2.0,,2.0,0.0,0.95,,,,,,,,,,,Tracy,Birch,Tracy Birch,Hampstead,51.5541,-0.1744,12700.0,Ride-share Driver,GB55A1899498623707047636913,BRCH-TRCY,,,,,,9,63,-0.36128951446280794,-0.36128951446280794,0,0,0,1,18,0,0.0,0.0,0.0,2696667.0,0.8333333333333334,0.75,0.0,,,0.0,0.8973336299822097,2.0,-0.36128951446280794,-0.36128951446280794,1,0,1,0.8875,0.875,0.050000000000000044,0,1,0,0.39112545074535027,4.253568030964872e-06,0.19556485215669062,0.10387898908963582,unseen_method_in_reference,0.4305300176703244,rapid_sequence;unusual_hour;rare_vs_reference_hour;rare_vs_reference_weekday,0.006500000000000006,geo_consistent,0.0,no_risky_communication_context,0.2165707526126582,stable_profile,0.1552148559494414,rapid_sequence;unusual_hour;rare_vs_reference_hour;rare_vs_reference_weekday | stable_profile | unseen_method_in_reference,False,0.35
6d85d330-aebe-4fd7-b6ee-e8b09640ab8e,EMP96127,BRCH-TRCY-802-HAM-1,transfer,1050.76,,,IT90D8110289790688935324753197,GB55A1899498623707047636913,12068.61,Salary payment May,2087-05-05 10:34:18+00:00,,BRCH-TRCY,,2.0,,2.0,,2.0,0.0,0.95,,,,,,,,,,,Tracy,Birch,Tracy Birch,Hampstead,51.5541,-0.1744,12700.0,Ride-share Driver,GB55A1899498623707047636913,BRCH-TRCY,,,,,,9,63,-0.6713644111570276,-0.6713644111570276,0,0,0,1,18,0,0.0,0.0,0.0,2583793.0,0.8333333333333334,0.8333333333333334,0.0,,,0.0,0.5818882356557414,3.0,-0.6713644111570276,-0.6713644111570276,1,0,1,0.9125,0.875,0.050000000000000044,0,1,0,0.3351542476582275,3.997198460380722e-06,0.16757912242834394,0.13053753130275203,unseen_method_in_reference,0.4383656084914067,rapid_sequence;unusual_hour;unusual_weekday;rare_vs_reference_hour,0.006500000000000006,geo_consistent,0.0,no_risky_communication_context,0.16592024574707157,stable_profile,0.1551292746975248,rapid_sequence;unusual_hour;unusual_weekday;rare_vs_reference_hour | stable_profile | unseen_method_in_reference,False,0.35
07e4b774-7ea2-4ca0-bb9d-d1e95a728b03,GRSC-KRLH-807-DIE-1,ABIT68841,transfer,1056.14,,,DE41E6333599170389191000654,IT87X9744454583635094041887989,33768.93,Rent payment Dec - Residenze Milano Dietzenbach,2087-12-06 16:23:04+00:00,GRSC-KRLH,,1.0,,1.0,,1.0,,0.95,0.0,Karl-Hermann,Girschner,Karl-Hermann Girschner,Dietzenbach,50.0167,8.7833,33200.0,Freelance Designer,DE41E6333599170389191000654,GRSC-KRLH,,,,,,,,,,,,,50.0526,8.8001,2087-12-06 03:54:48+00:00,66,9,1.181324410726216,1.2463272366444997,0,0,0,1,47,0,0.0,0.0,0.0,2781475.0,0.8571428571428572,0.7142857142857143,0.0,,,0.0,0.04938765372685252,2.0,1.181324410726216,1.2463272366444997,1,0,1,0.925,0.85,0.050000000000000044,0,1,0,0.1150488121372653,7.457140652365902e-07,0.057524778925665265,0.1705784099482884,unseen_method_in_reference,0.43215927388545455,rapid_sequence;unusual_hour;rare_vs_reference_hour;rare_vs_reference_weekday,0.006500000000000006,geo_consistent,0.0006489464666007665,"mail:heuristic_mail: kw=1, domain=1, url=1",0.10839606390152531,stable_profile,0.1548619114288744,rapid_sequence;unusual_hour;rare_vs_reference_hour;rare_vs_reference_weekday | unseen_method_in_reference | stable_profile,False,0.35
9bdb7dc1-1804-447d-8eb9-a4146f27cd6b,EMP14947,GRSC-KRLH-807-DIE-1,transfer,2737.96,,,IT94K6977238831108098344306373,DE41E6333599170389191000654,32039.79,Salary payment Nov,2087-11-05 08:39:22+00:00,,GRSC-KRLH,,1.0,,1.0,,1.0,0.0,0.95,,,,,,,,,,,Karl-Hermann,Girschner,Karl-Hermann Girschner,Dietzenbach,50.0167,8.7833,33200.0,Freelance Designer,DE41E6333599170389191000654,GRSC-KRLH,,,,,,9,66,-0.6923768962510896,-0.6923768962510896,0,0,0,1,18,0,0.0,0.0,0.0,2673925.0,0.9166666666666666,0.9166666666666666,0.0,,,0.0,0.00324906968601767,0.0,-0.6923768962510896,-0.6923768962510896,1,0,1,0.925,0.875,0.050000000000000044,0,1,0,0.11866652573709713,4.0321698159557617e-07,0.05933346447703936,0.12170915159155744,unseen_method_in_reference,0.45353047251188566,rapid_sequence;unusual_hour;unusual_weekday;rare_vs_reference_hour,0.006500000000000006,geo_consistent,0.0,no_risky_communication_context,0.15974236979571269,stable_profile,0.1545782835112415,rapid_sequence;unusual_hour;unusual_weekday;rare_vs_reference_hour | stable_profile | unseen_method_in_reference,False,0.35
0d3ace95-9e82-41c7-a26b-203b8b792d24,EMP92998,RGNR-LNAA-7FF-AUD-0,transfer,2862.0,,,IT24Q9761542929117361438734311,FR85H4824371990132980420818,37054.63,Salary payment Sep,2087-09-06 14:49:21+00:00,,RGNR-LNAA,,0.0,,0.0,,0.0,0.0,0.95,,,,,,,,,,,Alain,Regnier,Alain Regnier,Audincourt,47.4836,6.8403,34100.0,Office Clerk,FR85H4824371990132980420818,RGNR-LNAA,,,,,,9,67,0.705233266129035,0.705233266129035,0,0,0,1,18,0,0.0,0.0,0.0,2762148.0,0.9166666666666666,0.8333333333333334,0.0,,,0.0,0.029105673106459902,1.0,0.705233266129035,0.705233266129035,1,0,1,0.8875,0.85,0.050000000000000044,0,1,0,0.24175741589189492,6.66081920321836e-07,0.12087904098690762,0.1290850643809491,unseen_method_in_reference,0.4434453747124957,rapid_sequence;unusual_hour;unusual_weekday;rare_vs_reference_hour,0.006500000000000006,geo_consistent,0.0,no_risky_communication_context,0.15896275857151632,stable_profile,0.15448618951203785,rapid_sequence;unusual_hour;unusual_weekday;rare_vs_reference_hour | stable_profile | unseen_method_in_reference,False,0.35
ea8d19b0-8364-4f2e-93ef-43e511d9ca7b,EMP92998,RGNR-LNAA-7FF-AUD-0,transfer,2836.2,,,IT24Q9761542929117361438734311,FR85H4824371990132980420818,27114.51,Salary payment Mar,2087-03-05 09:19:29+00:00,,RGNR-LNAA,,0.0,,0.0,,0.0,0.0,0.95,,,,,,,,,,,Alain,Regnier,Alain Regnier,Audincourt,47.4836,6.8403,34100.0,Office Clerk,FR85H4824371990132980420818,RGNR-LNAA,,,,,,9,67,-0.6981618951612872,-0.6981618951612872,0,0,0,1,18,0,0.0,0.0,0.0,2224249.0,0.8333333333333334,0.8333333333333334,0.0,,,0.0,0.07311916552643893,2.0,-0.6981618951612872,-0.6981618951612872,1,0,1,0.875,0.875,0.050000000000000044,0,1,0,0.30989892054602536,1.627153059350331e-05,0.15495759603830944,0.13182113964415323,unseen_method_in_reference,0.43537279939608986,rapid_sequence;unusual_hour;unusual_weekday;rare_vs_reference_hour,0.006500000000000006,geo_consistent,0.0,no_risky_communication_context,0.16117321581679328,stable_profile,0.15403565782660367,rapid_sequence;unusual_hour;unusual_weekday;rare_vs_reference_hour | stable_profile | unseen_method_in_reference,False,0.35
0f400ab9-1f74-41ac-ba58-73d2aac629d4,EMP96127,BRCH-TRCY-802-HAM-1,transfer,1070.92,,,IT90D8110289790688935324753197,GB55A1899498623707047636913,10401.95,Salary payment Mar,2087-03-06 15:23:59+00:00,,BRCH-TRCY,,2.0,,2.0,,2.0,0.0,0.95,,,,,,,,,,,Tracy,Birch,Tracy Birch,Hampstead,51.5541,-0.1744,12700.0,Ride-share Driver,GB55A1899498623707047636913,BRCH-TRCY,,,,,,9,63,0.733379390495878,0.733379390495878,0,0,0,1,18,0,0.0,0.0,0.0,2603768.0,0.8333333333333334,0.75,0.0,,,0.0,0.15995204947094988,4.0,0.733379390495878,0.733379390495878,1,0,1,0.8875,0.875,0.050000000000000044,0,1,0,0.41387196775856067,2.2157860035888084e-06,0.20693709177228212,0.14036475127433662,unseen_method_in_reference,0.43053187565670203,rapid_sequence;unusual_hour;rare_vs_reference_hour;rare_vs_reference_weekday,0.006500000000000006,geo_consistent,0.0,no_risky_communication_context,0.1499276205014064,stable_profile,0.15343547717840783,rapid_sequence;unusual_hour;rare_vs_reference_hour;rare_vs_reference_weekday | stable_profile | unseen_method_in_reference,False,0.35
0fd6eeff-e363-4bc9-a099-8f70e73e9884,EMP96127,BRCH-TRCY-802-HAM-1,transfer,1047.73,,,IT90D8110289790688935324753197,GB55A1899498623707047636913,15759.64,Salary payment Nov,2087-11-05 13:41:17+00:00,,BRCH-TRCY,,2.0,,2.0,,2.0,0.0,0.95,,,,,,,,,,,Tracy,Birch,Tracy Birch,Hampstead,51.5541,-0.1744,12700.0,Ride-share Driver,GB55A1899498623707047636913,BRCH-TRCY,,,,,,9,63,-0.8824940599173573,-0.8824940599173573,0,0,0,1,18,0,0.0,0.0,0.0,2782988.0,0.9166666666666666,0.9166666666666666,0.0,,,0.0,0.12944534570980484,1.0,-0.8824940599173573,-0.8824940599173573,1,0,1,0.925,0.875,0.050000000000000044,0,1,0,0.29244163490386255,1.112824370587296e-06,0.14622137386411657,0.1484590730785606,unseen_method_in_reference,0.4535282912443983,rapid_sequence;unusual_hour;unusual_weekday;rare_vs_reference_hour,0.006500000000000006,geo_consistent,0.0,no_risky_communication_context,0.10936655072363374,stable_profile,0.15300017784113074,rapid_sequence;unusual_hour;unusual_weekday;rare_vs_reference_hour | unseen_method_in_reference | stable_profile,False,0.35
65eb47c9-3b12-40bc-b660-4a0f944fab22,RGNR-LNAA-7FF-AUD-0,RES83889,transfer,1023.13,,,FR85H4824371990132980420818,IT19K6545578802800372895511504,39512.91,Rent payment Dec - Casa Tua Audincourt,2087-12-06 12:35:24+00:00,RGNR-LNAA,,0.0,,0.0,,0.0,,0.95,0.0,Alain,Regnier,Alain Regnier,Audincourt,47.4836,6.8403,34100.0,Office Clerk,FR85H4824371990132980420818,RGNR-LNAA,,,,,,,,,,,,,47.4746,6.7778,2087-12-06 04:33:07+00:00,67,9,0.6607196949060201,0.3626659420289858,0,0,0,1,38,0,0.0,0.0,0.0,2685399.0,0.8666666666666667,0.8666666666666667,0.0,,,0.0,0.40584563241496935,3.0,0.6607196949060201,0.3626659420289858,1,0,1,0.8875,0.85,0.050000000000000044,0,1,0,0.18092236033029857,0.0,0.09046118016514929,0.10989233891750547,unseen_method_in_reference,0.4407802430310979,rapid_sequence;unusual_hour;unusual_weekday;rare_vs_reference_hour,0.006500000000000006,geo_consistent,0.0,no_risky_communication_context,0.17830072863884094,stable_profile,0.1520600346581125,rapid_sequence;unusual_hour;unusual_weekday;rare_vs_reference_hour | stable_profile | unseen_method_in_reference,False,0.35
f187ddae-1a5d-4ff2-ad5a-565eae237d71,GRSC-KRLH-807-DIE-1,ABIT68841,transfer,1019.29,,,DE41E6333599170389191000654,IT87X9744454583635094041887989,19681.07,Rent payment Apr - Residenze Milano Dietzenbach,2087-04-04 09:18:05+00:00,GRSC-KRLH,,1.0,,1.0,,1.0,,0.95,0.0,Karl-Hermann,Girschner,Karl-Hermann Girschner,Dietzenbach,50.0167,8.7833,33200.0,Freelance Designer,DE41E6333599170389191000654,GRSC-KRLH,,,,,,,,,,,,,50.0454,8.8183,2087-04-03 11:04:23+00:00,66,9,0.7069408817635268,0.7130655975112641,0,0,0,1,47,0,0.0,0.0,0.0,2654562.0,0.8571428571428572,0.9285714285714286,0.0,,,0.0,0.00820122720101819,1.0,0.7069408817635268,0.7130655975112641,1,0,1,0.875,0.875,0.050000000000000044,0,1,0,0.03560769862602044,3.4819286089752793e-06,0.017805590277314706,0.11918493142517601,unseen_method_in_reference,0.4444118121541673,rapid_sequence;unusual_hour;unusual_weekday;rare_vs_reference_hour,0.006500000000000006,geo_consistent,0.0,no_risky_communication_context,0.1562881150814188,stable_profile,0.15142600394453815,rapid_sequence;unusual_hour;unusual_weekday;rare_vs_reference_hour | stable_profile | unseen_method_in_reference,False,0.35
5309f3e1-a29e-4533-a44b-d8d7da5f4597,GRSC-KRLH-807-DIE-1,ABIT68841,transfer,927.91,,,DE41E6333599170389191000654,IT87X9744454583635094041887989,29301.83,Rent payment Nov - Residenze Milano Dietzenbach,2087-11-04 11:45:09+00:00,GRSC-KRLH,,1.0,,1.0,,1.0,,0.95,0.0,Karl-Hermann,Girschner,Karl-Hermann Girschner,Dietzenbach,50.0167,8.7833,33200.0,Freelance Designer,DE41E6333599170389191000654,GRSC-KRLH,,,,,,,,,,,,,50.0212,8.8308,2087-11-03 06:31:09+00:00,66,9,-0.46942728313770454,-0.609307498390904,0,0,0,1,47,0,0.0,0.0,0.0,2576609.0,0.9285714285714286,0.8571428571428572,0.0,,,0.0,0.005022162425761747,0.0,-0.46942728313770454,-0.609307498390904,1,0,1,0.95,0.8625,0.050000000000000044,0,1,0,0.0584502083691185,2.745933460916083e-06,0.02922647715128971,0.10311344822333889,unseen_method_in_reference,0.45193122836237604,rapid_sequence;unusual_hour;unusual_weekday;rare_vs_reference_hour,0.006500000000000006,geo_consistent,0.0,no_risky_communication_context,0.17025839626442738,stable_profile,0.15094452250260704,rapid_sequence;unusual_hour;unusual_weekday;rare_vs_reference_hour | stable_profile | unseen_method_in_reference,False,0.35
a0ba62a7-9a03-47c1-9575-7c26b2da5f1b,RGNR-LNAA-7FF-AUD-0,RES83889,transfer,987.17,,,FR85H4824371990132980420818,IT19K6545578802800372895511504,25175.11,Rent payment Apr - Casa Tua Audincourt,2087-04-06 17:32:24+00:00,RGNR-LNAA,,0.0,,0.0,,0.0,,0.95,0.0,Alain,Regnier,Alain Regnier,Audincourt,47.4836,6.8403,34100.0,Office Clerk,FR85H4824371990132980420818,RGNR-LNAA,,,,,,,,,,,,,47.4962,6.8057,2087-04-06 06:57:40+00:00,67,9,0.0,-0.41849412238325157,0,0,0,1,38,0,0.0,0.0,0.0,2711311.0,0.9333333333333333,0.9333333333333333,0.0,,,0.0,0.06306586365128404,1.0,0.0,-0.41849412238325157,1,0,1,0.9625,0.7875,0.050000000000000044,0,1,0,0.25474440952188204,3.3391912227778798e-06,0.1273738743565524,0.0794771523309853,unseen_method_in_reference,0.45498805812265236,rapid_sequence;unusual_hour;unusual_weekday;rare_vs_reference_hour,0.006500000000000006,geo_consistent,0.00602736780249201,"mail:heuristic_mail: kw=3, domain=1, url=1",0.1955335348340138,stable_profile,0.1505721767517774,rapid_sequence;unusual_hour;unusual_weekday;rare_vs_reference_hour | stable_profile | unseen_method_in_reference,False,0.35
a9833409-4bb9-4764-b1c1-89521a636e36,RGNR-LNAA-7FF-AUD-0,RES83889,transfer,952.23,,,FR85H4824371990132980420818,IT19K6545578802800372895511504,26162.28,Rent payment Mar - Casa Tua Audincourt,2087-03-06 08:23:53+00:00,RGNR-LNAA,,0.0,,0.0,,0.0,,0.95,0.0,Alain,Regnier,Alain Regnier,Audincourt,47.4836,6.8403,34100.0,Office Clerk,FR85H4824371990132980420818,RGNR-LNAA,,,,,,,,,,,,,47.4549,6.8749,2087-03-04 09:27:24+00:00,67,9,-0.6419784799782059,-1.1774966988727817,0,0,0,1,38,0,0.0,0.0,0.0,2317610.0,0.8,0.8666666666666667,0.0,,,0.0,0.18507148115387553,3.0,-0.6419784799782059,-1.1774966988727817,1,0,1,0.925,0.875,0.050000000000000044,0,1,0,0.19603271511211065,1.2910690229447818e-05,0.09802281290117004,0.14221096564382962,unseen_method_in_reference,0.4383709321696805,rapid_sequence;unusual_weekday;rare_vs_reference_hour;rare_vs_reference_weekday,0.006500000000000006,geo_consistent,0.0,no_risky_communication_context,0.12224321823057252,stable_profile,0.15053703609571145,rapid_sequence;unusual_weekday;rare_vs_reference_hour;rare_vs_reference_weekday | unseen_method_in_reference | stable_profile,False,0.35
8d9ec706-bd91-4458-af02-4bc1166c943d,BRCH-TRCY-802-HAM-1,ABIT36422,transfer,389.91,,,GB55A1899498623707047636913,IT79Z3132921345218816901038837,15072.47,Rent payment Oct - Rental Management,2087-10-05 13:23:28+00:00,BRCH-TRCY,,2.0,,2.0,,2.0,,0.95,0.0,Tracy,Birch,Tracy Birch,Hampstead,51.5541,-0.1744,12700.0,Ride-share Driver,GB55A1899498623707047636913,BRCH-TRCY,,,,,,,,,,,,,51.5945,-0.2293,2087-10-04 10:43:55+00:00,63,9,0.6022137681159421,0.6756686399075946,0,0,0,1,36,0,0.0,0.0,0.0,2592004.0,0.8666666666666667,0.7333333333333334,0.0,,,0.0,0.057554155756641356,1.0,0.6022137681159421,0.6756686399075946,1,0,1,0.925,0.7875,0.050000000000000044,0,1,0,0.2458648249676687,3.3646163338965795e-06,0.1229340947920013,0.12244191232188073,unseen_method_in_reference,0.4313237776041763,rapid_sequence;unusual_hour;rare_vs_reference_hour,0.006500000000000006,geo_consistent,0.0,no_risky_communication_context,0.15846228080072366,stable_profile,0.15011170151509212,rapid_sequence;unusual_hour;rare_vs_reference_hour | stable_profile | unseen_method_in_reference,False,0.35
95679cc6-814c-4fbe-86a3-b697b54f5d10,BRCH-TRCY-802-HAM-1,ABIT36422,transfer,399.65,,,GB55A1899498623707047636913,IT79Z3132921345218816901038837,9701.17,Rent payment Feb - Rental Management,2087-02-05 14:47:28+00:00,BRCH-TRCY,,2.0,,2.0,,2.0,,0.95,0.0,Tracy,Birch,Tracy Birch,Hampstead,51.5541,-0.1744,12700.0,Ride-share Driver,GB55A1899498623707047636913,BRCH-TRCY,,,,,,,,,,,,,51.5568,-0.1585,2087-02-05 11:40:06+00:00,63,9,0.8527717391304334,1.055087063239963,0,0,0,1,36,0,0.0,0.0,0.0,1203873.0,0.8,0.8,0.0,,,0.0,0.09128572748190038,1.0,0.8527717391304334,1.055087063239963,1,0,1,0.8875,0.875,0.050000000000000044,0,1,0,0.2188435807015902,7.498560749282149e-06,0.10942553963116974,0.15004848214488933,unseen_method_in_reference,0.4307265403194734,rapid_sequence;rare_vs_reference_hour;rare_vs_reference_weekday,0.006500000000000006,geo_consistent,0.0,no_risky_communication_context,0.11517002171830559,stable_profile,0.14992948697375874,rapid_sequence;rare_vs_reference_hour;rare_vs_reference_weekday | unseen_method_in_reference | stable_profile,False,0.35
a3ebbbea-d56c-4627-bf6e-3f9ead9a4125,GRSC-KRLH-807-DIE-1,ABIT68841,transfer,1026.68,,,DE41E6333599170389191000654,IT87X9744454583635094041887989,16193.72,Rent payment Feb - Residenze Milano Dietzenbach,2087-02-06 10:52:12+00:00,GRSC-KRLH,,1.0,,1.0,,1.0,,0.95,0.0,Karl-Hermann,Girschner,Karl-Hermann Girschner,Dietzenbach,50.0167,8.7833,33200.0,Freelance Designer,DE41E6333599170389191000654,GRSC-KRLH,,,,,,,,,,,,,49.9781,8.7861,2087-02-05 17:48:04+00:00,66,9,0.8020750548716492,0.8200073482085408,0,0,0,1,47,0,0.0,0.0,0.0,2834543.0,0.9285714285714286,0.8571428571428572,0.0,,,0.0,0.14488227747927787,3.0,0.8020750548716492,0.8200073482085408,1,0,1,0.9125,0.875,0.050000000000000044,0,1,0,0.06485629401861406,6.727196372708059e-06,0.032431510607493386,0.13015757300703168,unseen_method_in_reference,0.4495510696646685,rapid_sequence;unusual_hour;unusual_weekday;rare_vs_reference_hour,0.006500000000000006,geo_consistent,0.0,no_risky_communication_context,0.11880497239804108,stable_profile,0.14877922940654997,rapid_sequence;unusual_hour;unusual_weekday;rare_vs_reference_hour | unseen_method_in_reference | stable_profile,False,0.35
9d3e4492-2021-426c-bf3c-5193b2d7de87,RGNR-LNAA-7FF-AUD-0,RES83889,transfer,951.4,,,FR85H4824371990132980420818,IT19K6545578802800372895511504,35216.51,Rent payment Aug - Casa Tua Audincourt,2087-08-06 13:23:58+00:00,RGNR-LNAA,,0.0,,0.0,,0.0,,0.95,0.0,Alain,Regnier,Alain Regnier,Audincourt,47.4836,6.8403,34100.0,Office Clerk,FR85H4824371990132980420818,RGNR-LNAA,,,,,,,,,,,,,47.48,6.8004,2087-08-05 23:07:54+00:00,67,9,-0.6572286842822109,-1.1955268115941997,0,0,0,1,38,0,0.0,0.0,0.0,2604103.0,0.9333333333333333,0.8666666666666667,0.0,,,0.0,0.001941749473729817,1.0,-0.6572286842822109,-1.1955268115941997,1,0,1,0.925,0.875,0.050000000000000044,0,1,0,0.13179336191767654,8.49879263896686e-07,0.06589710589847023,0.14055836068913663,unseen_method_in_reference,0.4516985356233457,rapid_sequence;unusual_hour;unusual_weekday;rare_vs_reference_hour,0.006500000000000006,geo_consistent,0.0,no_risky_communication_context,0.09742219050397996,stable_profile,0.14827204240834382,rapid_sequence;unusual_hour;unusual_weekday;rare_vs_reference_hour | unseen_method_in_reference | stable_profile,False,0.35
4e53a923-af56-41e4-a804-67721ded06b7,EMP92998,RGNR-LNAA-7FF-AUD-0,transfer,2842.18,,,IT24Q9761542929117361438734311,FR85H4824371990132980420818,34349.64,Salary payment Jul,2087-07-06 13:45:05+00:00,,RGNR-LNAA,,0.0,,0.0,,0.0,0.0,0.95,,,,,,,,,,,Alain,Regnier,Alain Regnier,Audincourt,47.4836,6.8403,34100.0,Office Clerk,FR85H4824371990132980420818,RGNR-LNAA,,,,,,9,67,-0.37287883064515953,-0.37287883064515953,0,0,0,1,18,0,0.0,0.0,0.0,2518897.0,0.8333333333333334,0.6666666666666667,0.0,,,0.0,0.016998423548052203,1.0,-0.37287883064515953,-0.37287883064515953,1,0,1,0.925,0.7875,0.050000000000000044,0,1,0,0.2994378693414652,3.3139780056641934e-06,0.14972059165973545,0.10039554807726371,unseen_method_in_reference,0.42332523974919517,rapid_sequence;unusual_hour;rare_vs_reference_hour,0.006500000000000006,geo_consistent,0.0,no_risky_communication_context,0.18966273482717108,stable_profile,0.14795509368036366,rapid_sequence;unusual_hour;rare_vs_reference_hour | stable_profile | unseen_method_in_reference,False,0.35
1539373e-e909-4fcd-ba67-9f97ea4688bf,EMP96127,BRCH-TRCY-802-HAM-1,transfer,1070.12,,,IT90D8110289790688935324753197,GB55A1899498623707047636913,14800.18,Salary payment Sep,2087-09-05 10:04:15+00:00,,BRCH-TRCY,,2.0,,2.0,,2.0,0.0,0.95,,,,,,,,,,,Tracy,Birch,Tracy Birch,Hampstead,51.5541,-0.1744,12700.0,Ride-share Driver,GB55A1899498623707047636913,BRCH-TRCY,,,,,,9,63,0.6776355888429724,0.6776355888429724,0,0,0,1,18,0,0.0,0.0,0.0,2735654.0,0.8333333333333334,0.9166666666666666,0.0,,,0.0,0.05298061875705491,1.0,0.6776355888429724,0.6776355888429724,1,0,1,0.9125,0.875,0.050000000000000044,0,1,0,0.293388125006445,3.0031103091593783e-06,0.14669556405837708,0.12904493734592007,unseen_method_in_reference,0.4441959045943145,rapid_sequence;unusual_hour;unusual_weekday;rare_vs_reference_hour,0.006500000000000006,geo_consistent,0.0,no_risky_communication_context,0.12172824688530501,stable_profile,0.14792284781507545,rapid_sequence;unusual_hour;unusual_weekday;rare_vs_reference_hour | unseen_method_in_reference | stable_profile,False,0.35
52597177-e7c7-4bfd-9a18-eaa96db4123a,EMP14947,GRSC-KRLH-807-DIE-1,transfer,2737.72,,,IT94K6977238831108098344306373,DE41E6333599170389191000654,29394.43,Salary payment Sep,2087-09-05 12:07:03+00:00,,GRSC-KRLH,,1.0,,1.0,,1.0,0.0,0.95,,,,,,,,,,,Karl-Hermann,Girschner,Karl-Hermann Girschner,Dietzenbach,50.0167,8.7833,33200.0,Freelance Designer,DE41E6333599170389191000654,GRSC-KRLH,,,,,,9,66,-0.6980222319093341,-0.6980222319093341,0,0,0,1,18,0,0.0,0.0,0.0,2823235.0,0.8333333333333334,0.75,0.0,,,0.0,0.0507690681250064,1.0,-0.6980222319093341,-0.6980222319093341,1,0,1,0.8875,0.875,0.050000000000000044,0,1,0,0.059305210682007295,4.729211395276961e-06,0.029654969946701287,0.11927760902605686,unseen_method_in_reference,0.4305274863016353,rapid_sequence;unusual_hour;rare_vs_reference_hour;rare_vs_reference_weekday,0.006500000000000006,geo_consistent,0.0,no_risky_communication_context,0.14521300739484663,stable_profile,0.14668156911869537,rapid_sequence;unusual_hour;rare_vs_reference_hour;rare_vs_reference_weekday | stable_profile | unseen_method_in_reference,False,0.35
d4de1c65-dc9e-4172-a158-ce2db0d214e2,EMP92998,RGNR-LNAA-7FF-AUD-0,transfer,2848.26,,,IT24Q9761542929117361438734311,FR85H4824371990132980420818,39902.89,Salary payment Oct,2087-10-05 09:21:06+00:00,,RGNR-LNAA,,0.0,,0.0,,0.0,0.0,0.95,,,,,,,,,,,Alain,Regnier,Alain Regnier,Audincourt,47.4836,6.8403,34100.0,Office Clerk,FR85H4824371990132980420818,RGNR-LNAA,,,,,,9,67,-0.042156249999979904,-0.042156249999979904,0,0,0,1,18,0,0.0,0.0,0.0,2485905.0,0.8333333333333334,0.6666666666666667,0.0,,,0.0,0.17238383969155882,4.0,-0.042156249999979904,-0.042156249999979904,1,0,1,0.875,0.7875,0.050000000000000044,0,1,0,0.4073443087064977,1.2144593688771996e-06,0.2036727615829333,0.07437211990829143,unseen_method_in_reference,0.4193258995914601,rapid_sequence;unusual_hour;rare_vs_reference_hour,0.006500000000000006,geo_consistent,0.0,no_risky_communication_context,0.2096657201478817,stable_profile,0.14346920311923234,rapid_sequence;unusual_hour;rare_vs_reference_hour | stable_profile | unseen_method_in_reference,False,0.35
5a3577a7-61e9-42b2-b8f1-a87d7e6fab4e,EMP96127,BRCH-TRCY-802-HAM-1,transfer,1067.95,,,IT90D8110289790688935324753197,GB55A1899498623707047636913,11469.9,Salary payment Apr,2087-04-05 12:51:05+00:00,,BRCH-TRCY,,2.0,,2.0,,2.0,0.0,0.95,,,,,,,,,,,Tracy,Birch,Tracy Birch,Hampstead,51.5541,-0.1744,12700.0,Ride-share Driver,GB55A1899498623707047636913,BRCH-TRCY,,,,,,9,63,0.5264305268595113,0.5264305268595113,0,0,0,1,18,0,0.0,0.0,0.0,2582826.0,0.75,0.8333333333333334,0.0,,,0.0,0.2519202193631589,1.0,0.5264305268595113,0.5264305268595113,1,0,1,0.8875,0.85,0.050000000000000044,0,1,0,0.3158206566072742,4.169934125571868e-06,0.15791241327069988,0.11580214137872356,unseen_method_in_reference,0.4267822944981397,rapid_sequence;unusual_weekday;rare_vs_reference_hour;rare_vs_reference_weekday,0.006500000000000006,geo_consistent,0.0,no_risky_communication_context,0.1356676139141026,stable_profile,0.14324122899020902,rapid_sequence;unusual_weekday;rare_vs_reference_hour;rare_vs_reference_weekday | stable_profile | unseen_method_in_reference,False,0.35
a839c005-7c5c-4e2d-b8d2-f07e99d7aedf,RGNR-LNAA-7FF-AUD-0,RES83889,transfer,1039.09,,,FR85H4824371990132980420818,IT19K6545578802800372895511504,38863.8,Rent payment Oct - Casa Tua Audincourt,2087-10-06 14:18:16+00:00,RGNR-LNAA,,0.0,,0.0,,0.0,,0.95,0.0,Alain,Regnier,Alain Regnier,Audincourt,47.4836,6.8403,34100.0,Office Clerk,FR85H4824371990132980420818,RGNR-LNAA,,,,,,,,,,,,,47.4935,6.7978,2087-10-05 01:49:52+00:00,67,9,0.9539645873059095,0.7093654589371959,0,0,0,1,38,0,0.0,0.0,0.0,2611656.0,0.9333333333333333,0.8,0.0,,,0.0,0.0943056163488009,2.0,0.9539645873059095,0.7093654589371959,1,0,1,0.8875,0.875,0.050000000000000044,0,1,0,0.1436172668573605,4.552977231500952e-07,0.07180886107754184,0.13802355676706707,unseen_method_in_reference,0.44403171789616047,rapid_sequence;unusual_hour;rare_vs_reference_hour;rare_vs_reference_weekday,0.006500000000000006,geo_consistent,0.0,no_risky_communication_context,0.07922503580494827,stable_profile,0.14275344591890157,rapid_sequence;unusual_hour;rare_vs_reference_hour;rare_vs_reference_weekday | unseen_method_in_reference | stable_profile,False,0.35
dc26681a-fbb6-49bc-9481-9ae2996c93fb,BRCH-TRCY-802-HAM-1,ABIT36422,transfer,392.72,,,GB55A1899498623707047636913,IT79Z3132921345218816901038837,13052.69,Rent payment Jul - Rental Management,2087-07-07 14:23:32+00:00,BRCH-TRCY,,2.0,,2.0,,2.0,,0.95,0.0,Tracy,Birch,Tracy Birch,Hampstead,51.5541,-0.1744,12700.0,Ride-share Driver,GB55A1899498623707047636913,BRCH-TRCY,,,,,,,,,,,,,51.5361,-0.1181,2087-07-06 22:32:19+00:00,63,9,0.6745,0.7851312445856194,0,0,0,1,36,0,0.0,0.0,0.0,2277845.0,0.8,0.8666666666666667,0.0,,,0.0,0.010173333283445208,1.0,0.6745,0.7851312445856194,1,0,1,0.8875,0.875,0.050000000000000044,0,1,0,0.1616621805988837,1.6147011557124862e-05,0.08083916380522042,0.12658666616394681,unseen_method_in_reference,0.4353717274724104,rapid_sequence;unusual_weekday;rare_vs_reference_hour;rare_vs_reference_weekday,0.006500000000000006,geo_consistent,0.0,no_risky_communication_context,0.10523194953735737,stable_profile,0.14250036293711152,rapid_sequence;unusual_weekday;rare_vs_reference_hour;rare_vs_reference_weekday | unseen_method_in_reference | stable_profile,False,0.35
d8711093-2453-4a74-8779-756014cc234d,BRCH-TRCY-802-HAM-1,ABIT36422,transfer,360.56,,,GB55A1899498623707047636913,IT79Z3132921345218816901038837,14711.91,Rent payment Nov - Rental Management,2087-11-04 17:08:33+00:00,BRCH-TRCY,,2.0,,2.0,,2.0,,0.95,0.0,Tracy,Birch,Tracy Birch,Hampstead,51.5541,-0.1744,12700.0,Ride-share Driver,GB55A1899498623707047636913,BRCH-TRCY,,,,,,,,,,,,,51.5263,-0.1571,2087-11-02 03:56:30+00:00,63,9,-0.15280434782608676,-0.46765073635576004,0,0,0,1,36,0,0.0,0.0,0.0,2605505.0,0.8666666666666667,0.8,0.0,,,0.0,0.19859968363058994,1.0,-0.15280434782608676,-0.46765073635576004,1,0,1,0.9625,0.8625,0.050000000000000044,0,1,0,0.17865909099984276,2.9721770267784995e-06,0.08933103158843476,0.08604337174350865,unseen_method_in_reference,0.44274017424991613,rapid_sequence;unusual_hour;rare_vs_reference_hour;rare_vs_reference_weekday,0.006500000000000006,geo_consistent,0.0,no_risky_communication_context,0.1595531885914172,stable_profile,0.14239975288462076,rapid_sequence;unusual_hour;rare_vs_reference_hour;rare_vs_reference_weekday | stable_profile | unseen_method_in_reference,False,0.35
875367bb-b33a-40d4-bfed-7e9e0c5f6a46,EMP96127,BRCH-TRCY-802-HAM-1,transfer,1052.75,,,IT90D8110289790688935324753197,GB55A1899498623707047636913,10100.82,Salary payment Feb,2087-02-04 12:07:51+00:00,,BRCH-TRCY,,2.0,,2.0,,2.0,0.0,0.95,,,,,,,,,,,Tracy,Birch,Tracy Birch,Hampstead,51.5541,-0.1744,12700.0,Ride-share Driver,GB55A1899498623707047636913,BRCH-TRCY,,,,,,9,63,-0.5327017045454561,-0.5327017045454561,0,0,0,1,18,0,0.0,0.0,0.0,2590526.0,0.75,0.9166666666666666,0.0,,,0.0,0.15908154041816558,1.0,-0.5327017045454561,-0.5327017045454561,1,0,1,0.8875,0.8625,0.050000000000000044,0,1,0,0.33680739059478726,3.6029274296902765e-06,0.16840549676110847,0.11744721160792918,unseen_method_in_reference,0.43324047383094444,rapid_sequence;unusual_weekday;rare_vs_reference_hour;rare_vs_reference_weekday,0.006500000000000006,geo_consistent,0.0,no_risky_communication_context,0.1104603444839003,stable_profile,0.14045617602351113,rapid_sequence;unusual_weekday;rare_vs_reference_hour;rare_vs_reference_weekday | unseen_method_in_reference | stable_profile,False,0.35
6f075509-4fae-44d3-b958-a72e0d435435,RGNR-LNAA-7FF-AUD-0,RES83889,transfer,1035.88,,,FR85H4824371990132980420818,IT19K6545578802800372895511504,33313.76,Rent payment Jul - Casa Tua Audincourt,2087-07-07 10:02:15+00:00,RGNR-LNAA,,0.0,,0.0,,0.0,,0.95,0.0,Alain,Regnier,Alain Regnier,Audincourt,47.4836,6.8403,34100.0,Office Clerk,FR85H4824371990132980420818,RGNR-LNAA,,,,,,,,,,,,,47.4701,6.7752,2087-07-07 05:24:47+00:00,67,9,0.8949848815036793,0.639634541062804,0,0,0,1,38,0,0.0,0.0,0.0,2673697.0,0.8666666666666667,0.8,0.0,,,0.0,0.011139454799181277,1.0,0.8949848815036793,0.639634541062804,1,0,1,0.9125,0.875,0.050000000000000044,0,1,0,0.04856837141892761,2.9553062316651666e-07,0.024284333474775387,0.12723798347269205,unseen_method_in_reference,0.4393638104052346,rapid_sequence;unusual_hour;rare_vs_reference_hour;rare_vs_reference_weekday,0.006500000000000006,geo_consistent,0.0,no_risky_communication_context,0.08687807525106313,stable_profile,0.14017745099859208,rapid_sequence;unusual_hour;rare_vs_reference_hour;rare_vs_reference_weekday | unseen_method_in_reference | stable_profile,False,0.35
97ede41a-a012-4c6e-aa31-ee9d6dc27c26,RGNR-LNAA-7FF-AUD-0,RES83889,transfer,1023.88,,,FR85H4824371990132980420818,IT19K6545578802800372895511504,34192.63,Rent payment Sep - Casa Tua Audincourt,2087-09-06 08:50:40+00:00,RGNR-LNAA,,0.0,,0.0,,0.0,,0.95,0.0,Alain,Regnier,Alain Regnier,Audincourt,47.4836,6.8403,34100.0,Office Clerk,FR85H4824371990132980420818,RGNR-LNAA,,,,,,,,,,,,,47.4405,6.8124,2087-09-05 20:53:33+00:00,67,9,0.6745,0.3789582125603867,0,0,0,1,38,0,0.0,0.0,0.0,2662002.0,0.8,0.8666666666666667,0.0,,,0.0,0.03296597376084429,1.0,0.6745,0.3789582125603867,1,0,1,0.925,0.85,0.050000000000000044,0,1,0,0.07108358721743988,1.5695054745500765e-06,0.03554257836145721,0.10581008633856119,unseen_method_in_reference,0.43711404430603745,rapid_sequence;unusual_weekday;rare_vs_reference_hour;rare_vs_reference_weekday,0.006500000000000006,geo_consistent,0.0,no_risky_communication_context,0.12013361111097096,stable_profile,0.1397136830359794,rapid_sequence;unusual_weekday;rare_vs_reference_hour;rare_vs_reference_weekday | stable_profile | unseen_method_in_reference,False,0.35
fce0c8bf-d8d8-4f3c-b29f-252867e15164,EMP96127,BRCH-TRCY-802-HAM-1,transfer,1065.91,,,IT90D8110289790688935324753197,GB55A1899498623707047636913,15462.38,Salary payment Oct,2087-10-04 08:38:09+00:00,,BRCH-TRCY,,2.0,,2.0,,2.0,0.0,0.95,,,,,,,,,,,Tracy,Birch,Tracy Birch,Hampstead,51.5541,-0.1744,12700.0,Ride-share Driver,GB55A1899498623707047636913,BRCH-TRCY,,,,,,9,63,0.38428383264463706,0.38428383264463706,0,0,0,1,18,0,0.0,0.0,0.0,2500434.0,0.9166666666666666,0.8333333333333334,0.0,,,0.0,0.10477284553622068,1.0,0.38428383264463706,0.38428383264463706,1,0,1,0.925,0.85,0.050000000000000044,0,1,0,0.27044182537373507,3.673240605106553e-07,0.13522109634889778,0.1000290737361303,unseen_method_in_reference,0.4464506090104627,rapid_sequence;unusual_hour;unusual_weekday;rare_vs_reference_hour,0.006500000000000006,geo_consistent,0.0,no_risky_communication_context,0.1088721425322619,stable_profile,0.1379352481040162,rapid_sequence;unusual_hour;unusual_weekday;rare_vs_reference_hour | stable_profile | unseen_method_in_reference,False,0.35
2f585191-4e73-4850-805c-b02167082198,RGNR-LNAA-7FF-AUD-0,RES83889,transfer,965.13,,,FR85H4824371990132980420818,IT19K6545578802800372895511504,21459.06,Rent payment Feb - Casa Tua Audincourt,2087-02-07 12:37:03+00:00,RGNR-LNAA,,0.0,,0.0,,0.0,,0.95,0.0,Alain,Regnier,Alain Regnier,Audincourt,47.4836,6.8403,34100.0,Office Clerk,FR85H4824371990132980420818,RGNR-LNAA,,,,,,,,,,,,,47.4926,6.8629,2087-02-05 18:07:11+00:00,67,9,-0.40495723236175324,-0.8972696457326862,0,0,0,1,38,0,0.0,0.0,0.0,2657814.0,0.8666666666666667,0.8,0.0,,,0.0,0.15052823881065136,4.0,-0.40495723236175324,-0.8972696457326862,1,0,1,0.8875,0.875,0.050000000000000044,0,1,0,0.17264014779434425,2.4101997636076508e-06,0.08632127899705393,0.11679556150890928,unseen_method_in_reference,0.437364128066325,rapid_sequence;unusual_hour;rare_vs_reference_hour;rare_vs_reference_weekday,0.006500000000000006,geo_consistent,0.0,no_risky_communication_context,0.0921038213393176,stable_profile,0.13779427067683678,rapid_sequence;unusual_hour;rare_vs_reference_hour;rare_vs_reference_weekday | unseen_method_in_reference | stable_profile,False,0.35
3b41422b-60f2-4d59-838b-de85b5f2f6c7,EMP14947,GRSC-KRLH-807-DIE-1,transfer,2766.65,,,IT94K6977238831108098344306373,DE41E6333599170389191000654,31201.05,Salary payment Oct,2087-10-05 09:53:57+00:00,,GRSC-KRLH,,1.0,,1.0,,1.0,0.0,0.95,,,,,,,,,,,Karl-Hermann,Girschner,Karl-Hermann Girschner,Dietzenbach,50.0167,8.7833,33200.0,Freelance Designer,DE41E6333599170389191000654,GRSC-KRLH,,,,,,9,66,-0.01752406277244733,-0.01752406277244733,0,0,0,1,18,0,0.0,0.0,0.0,2584014.0,0.8333333333333334,0.8333333333333334,0.0,,,0.0,1.4765522287242887e-05,0.0,-0.01752406277244733,-0.01752406277244733,1,0,1,0.875,0.7875,0.050000000000000044,0,1,0,0.14804527934963213,1.8001391626751024e-07,0.0740227296817742,0.05906705893155992,unseen_method_in_reference,0.43099060407139145,rapid_sequence;unusual_hour;unusual_weekday;rare_vs_reference_hour,0.006500000000000006,geo_consistent,0.0,"mail:heuristic_mail: kw=0, domain=0, url=0",0.18720649929324307,stable_profile,0.13747406718789884,rapid_sequence;unusual_hour;unusual_weekday;rare_vs_reference_hour | stable_profile | unseen_method_in_reference,False,0.35
6212031b-aec1-43fe-8818-a448e17e91eb,EMP92998,RGNR-LNAA-7FF-AUD-0,transfer,2854.15,,,IT24Q9761542929117361438734311,FR85H4824371990132980420818,36167.91,Salary payment Aug,2087-08-05 15:33:33+00:00,,RGNR-LNAA,,0.0,,0.0,,0.0,0.0,0.95,,,,,,,,,,,Alain,Regnier,Alain Regnier,Audincourt,47.4836,6.8403,34100.0,Office Clerk,FR85H4824371990132980420818,RGNR-LNAA,,,,,,9,67,0.2782312500000108,0.2782312500000108,0,0,0,1,18,0,0.0,0.0,0.0,2598508.0,0.75,0.8333333333333334,0.0,,,0.0,0.003060551548487115,1.0,0.2782312500000108,0.2782312500000108,1,0,1,0.8875,0.8625,0.050000000000000044,0,1,0,0.2302044110007792,1.8187176533908575e-06,0.1151031148592163,0.08794228023592265,unseen_method_in_reference,0.4274069808570632,rapid_sequence;unusual_weekday;rare_vs_reference_hour;rare_vs_reference_weekday,0.006500000000000006,geo_consistent,0.0,no_risky_communication_context,0.13489904921892001,stable_profile,0.13542706349687658,rapid_sequence;unusual_weekday;rare_vs_reference_hour;rare_vs_reference_weekday | stable_profile | unseen_method_in_reference,False,0.35
60929f96-b7a3-476b-b1f8-9a60298bea98,EMP14947,GRSC-KRLH-807-DIE-1,transfer,2785.28,,,IT94K6977238831108098344306373,DE41E6333599170389191000654,34825.07,Salary payment Dec,2087-12-05 14:11:42+00:00,,GRSC-KRLH,,1.0,,1.0,,1.0,0.0,0.95,,,,,,,,,,,Karl-Hermann,Girschner,Karl-Hermann Girschner,Dietzenbach,50.0167,8.7833,33200.0,Freelance Designer,DE41E6333599170389191000654,GRSC-KRLH,,,,,,9,66,0.4206951176983493,0.4206951176983493,0,0,0,1,18,0,0.0,0.0,0.0,2611940.0,0.8333333333333334,0.75,0.0,,,0.0,0.08522662579333198,2.0,0.4206951176983493,0.4206951176983493,1,0,1,0.8875,0.875,0.050000000000000044,0,1,0,0.12294263129165696,2.0766864748038238e-08,0.06147132602926085,0.09611316878426926,unseen_method_in_reference,0.430531712216141,rapid_sequence;unusual_hour;rare_vs_reference_hour;rare_vs_reference_weekday,0.006500000000000006,geo_consistent,0.0009336414810523427,"mail:heuristic_mail: kw=1, domain=1, url=1",0.10340550789262312,stable_profile,0.13283907659008518,rapid_sequence;unusual_hour;rare_vs_reference_hour;rare_vs_reference_weekday | stable_profile | unseen_method_in_reference,False,0.35
6669e8f8-212b-4e7a-9615-0e59f923a35c,BRCH-TRCY-802-HAM-1,ABIT36422,transfer,365.84,,,GB55A1899498623707047636913,IT79Z3132921345218816901038837,13730.06,Rent payment Aug - Rental Management,2087-08-07 17:43:50+00:00,BRCH-TRCY,,2.0,,2.0,,2.0,,0.95,0.0,Tracy,Birch,Tracy Birch,Hampstead,51.5541,-0.1744,12700.0,Ride-share Driver,GB55A1899498623707047636913,BRCH-TRCY,,,,,,,,,,,,,51.5658,-0.1787,2087-08-06 23:59:04+00:00,63,9,-0.016978260869565845,-0.26197011261911685,0,0,0,1,36,0,0.0,0.0,0.0,2690418.0,0.8666666666666667,0.8666666666666667,0.0,,,0.0,0.011127599655568563,2.0,-0.016978260869565845,-0.26197011261911685,1,0,1,0.9625,0.875,0.050000000000000044,0,1,0,0.15064176355688572,3.733579211566448e-06,0.07532274856804864,0.06894488370939567,unseen_method_in_reference,0.44803014265075336,rapid_sequence;unusual_hour;unusual_weekday;rare_vs_reference_hour,0.006500000000000006,geo_consistent,0.0,no_risky_communication_context,0.12457748864720644,stable_profile,0.13237454392527864,rapid_sequence;unusual_hour;unusual_weekday;rare_vs_reference_hour | stable_profile | unseen_method_in_reference,False,0.35
1ede528a-c212-4d30-8e62-e901ca537f83,EMP14947,GRSC-KRLH-807-DIE-1,transfer,2757.67,,,IT94K6977238831108098344306373,DE41E6333599170389191000654,17220.4,Salary payment Feb,2087-02-03 14:32:33+00:00,,GRSC-KRLH,,1.0,,1.0,,1.0,0.0,0.95,,,,,,,,,,,Karl-Hermann,Girschner,Karl-Hermann Girschner,Dietzenbach,50.0167,8.7833,33200.0,Freelance Designer,DE41E6333599170389191000654,GRSC-KRLH,,,,,,9,66,-0.22875370531821965,-0.22875370531821965,0,0,0,1,18,0,0.0,0.0,0.0,2603330.0,0.8333333333333334,0.8333333333333334,0.0,,,0.0,0.001776411923812557,0.0,-0.22875370531821965,-0.22875370531821965,1,0,1,0.8875,0.875,0.050000000000000044,0,1,0,0.0670555661081861,3.6591774001188116e-07,0.033527966012963054,0.07508439860652719,unseen_method_in_reference,0.4363652177500654,rapid_sequence;unusual_hour;unusual_weekday;rare_vs_reference_hour,0.006500000000000006,geo_consistent,0.0,no_risky_communication_context,0.12079899365704916,stable_profile,0.13108049401810956,rapid_sequence;unusual_hour;unusual_weekday;rare_vs_reference_hour | stable_profile | unseen_method_in_reference,False,0.35
40d61e52-ee54-4aa0-a435-43bffce12aed,GRSC-KRLH-807-DIE-1,ABIT68841,transfer,968.72,,,DE41E6333599170389191000654,IT87X9744454583635094041887989,23380.3,Rent payment Jun - Residenze Milano Dietzenbach,2087-06-04 14:03:25+00:00,GRSC-KRLH,,1.0,,1.0,,1.0,,0.95,0.0,Karl-Hermann,Girschner,Karl-Hermann Girschner,Dietzenbach,50.0167,8.7833,33200.0,Freelance Designer,DE41E6333599170389191000654,GRSC-KRLH,,,,,,,,,,,,,49.9745,8.7428,2087-06-04 13:26:36+00:00,66,9,0.05593477431052619,-0.0187401308732026,0,0,0,1,47,0,0.0,0.0,0.0,2678247.0,0.8571428571428572,0.9285714285714286,0.0,,,0.0,0.48954327841432416,4.0,0.05593477431052619,-0.0187401308732026,1,0,1,0.8875,0.875,0.050000000000000044,0,1,0,0.11758045385434798,8.133362770195075e-07,0.0587906335953125,0.0597050811815383,unseen_method_in_reference,0.4454113384525413,rapid_sequence;unusual_hour;unusual_weekday;rare_vs_reference_hour,0.006500000000000006,geo_consistent,0.0,no_risky_communication_context,0.11665030912483446,stable_profile,0.12783674606380918,rapid_sequence;unusual_hour;unusual_weekday;rare_vs_reference_hour | stable_profile | unseen_method_in_reference,False,0.35
97bd8902-d29a-4041-b7ec-d8f1456bef42,EMP14947,GRSC-KRLH-807-DIE-1,transfer,2768.14,,,IT94K6977238831108098344306373,DE41E6333599170389191000654,22449.21,Salary payment May,2087-05-03 12:28:57+00:00,,GRSC-KRLH,,1.0,,1.0,,1.0,0.0,0.95,,,,,,,,,,,Karl-Hermann,Girschner,Karl-Hermann Girschner,Dietzenbach,50.0167,8.7833,33200.0,Freelance Designer,DE41E6333599170389191000654,GRSC-KRLH,,,,,,9,66,0.01752406277244733,0.01752406277244733,0,0,0,1,18,0,0.0,0.0,0.0,2601783.0,0.8333333333333334,0.8333333333333334,0.0,,,0.0,0.1886201474077895,2.0,0.01752406277244733,0.01752406277244733,1,0,1,0.8875,0.85,0.050000000000000044,0,1,0,0.04819153080351254,9.489198828442302e-07,0.02409623986169769,0.05407440994955227,unseen_method_in_reference,0.4351152486901716,rapid_sequence;unusual_hour;unusual_weekday;rare_vs_reference_hour,0.006500000000000006,geo_consistent,0.0,no_risky_communication_context,0.13477262177754948,stable_profile,0.12746295644386785,rapid_sequence;unusual_hour;unusual_weekday;rare_vs_reference_hour | stable_profile | unseen_method_in_reference,False,0.35
9bcef53d-137b-4b82-8fca-3ea5f9978a37,GRSC-KRLH-807-DIE-1,ABIT68841,transfer,971.31,,,DE41E6333599170389191000654,IT87X9744454583635094041887989,30229.74,Rent payment Oct - Residenze Milano Dietzenbach,2087-10-05 16:01:40+00:00,GRSC-KRLH,,1.0,,1.0,,1.0,,0.95,0.0,Karl-Hermann,Girschner,Karl-Hermann Girschner,Dietzenbach,50.0167,8.7833,33200.0,Freelance Designer,DE41E6333599170389191000654,GRSC-KRLH,,,,,,,,,,,,,50.0095,8.7428,2087-10-04 23:26:02+00:00,66,9,0.08927679167859462,0.0187401308732026,0,0,0,1,47,0,0.0,0.0,0.0,2495461.0,0.8571428571428572,0.7142857142857143,0.0,,,0.0,1.2995660444259008e-05,0.0,0.08927679167859462,0.0187401308732026,1,0,1,0.925,0.7875,0.050000000000000044,0,1,0,0.050828417547276995,8.128417193995718e-07,0.025414615194498197,0.05820129029670063,unseen_method_in_reference,0.4290399941850898,rapid_sequence;unusual_hour;rare_vs_reference_hour,0.006500000000000006,geo_consistent,0.0,"mail:heuristic_mail: kw=0, domain=0, url=0",0.13004885059636717,stable_profile,0.12655315322744023,rapid_sequence;unusual_hour;rare_vs_reference_hour | stable_profile | unseen_method_in_reference,False,0.35
02c1c8e3-b088-4958-a047-0d32beb78292,EMP92998,RGNR-LNAA-7FF-AUD-0,transfer,2849.81,,,IT24Q9761542929117361438734311,FR85H4824371990132980420818,29746.69,Salary payment May,2087-05-06 15:58:51+00:00,,RGNR-LNAA,,0.0,,0.0,,0.0,0.0,0.95,,,,,,,,,,,Alain,Regnier,Alain Regnier,Audincourt,47.4836,6.8403,34100.0,Office Clerk,FR85H4824371990132980420818,RGNR-LNAA,,,,,,9,67,0.04215625000000464,0.04215625000000464,0,0,0,1,18,0,0.0,0.0,0.0,2581377.0,0.75,0.8333333333333334,0.0,,,0.0,0.0010835824554275462,0.0,0.04215625000000464,0.04215625000000464,1,0,1,0.8875,0.8625,0.050000000000000044,0,1,0,0.24373065453880327,7.944553827070922e-07,0.12186572449709299,0.06619141619970974,unseen_method_in_reference,0.42740732347823923,rapid_sequence;unusual_weekday;rare_vs_reference_hour;rare_vs_reference_weekday,0.006500000000000006,geo_consistent,0.0,no_risky_communication_context,0.1181042531339262,stable_profile,0.1263138267956733,rapid_sequence;unusual_weekday;rare_vs_reference_hour;rare_vs_reference_weekday | stable_profile | unseen_method_in_reference,False,0.35
1ad62197-c368-4a1f-8286-22a811f5291e,EMP14947,GRSC-KRLH-807-DIE-1,transfer,2768.43,,,IT94K6977238831108098344306373,DE41E6333599170389191000654,20700.36,Salary payment Apr,2087-04-03 09:45:54+00:00,,GRSC-KRLH,,1.0,,1.0,,1.0,0.0,0.95,,,,,,,,,,,Karl-Hermann,Girschner,Karl-Hermann Girschner,Dietzenbach,50.0167,8.7833,33200.0,Freelance Designer,DE41E6333599170389191000654,GRSC-KRLH,,,,,,9,66,0.024345510026151804,0.024345510026151804,0,0,0,1,18,0,0.0,0.0,0.0,2674238.0,0.8333333333333334,0.9166666666666666,0.0,,,0.0,0.013391567755685655,1.0,0.024345510026151804,0.024345510026151804,1,0,1,0.875,0.875,0.050000000000000044,0,1,0,0.054435458543406486,1.5972244274818753e-06,0.027218527883916984,0.05503467624087612,unseen_method_in_reference,0.44119713291853085,rapid_sequence;unusual_hour;unusual_weekday;rare_vs_reference_hour,0.006500000000000006,geo_consistent,0.0,no_risky_communication_context,0.11081016560205872,stable_profile,0.12463496573952207,rapid_sequence;unusual_hour;unusual_weekday;rare_vs_reference_hour | stable_profile | unseen_method_in_reference,False,0.35
a8df2827-5aa0-4831-8f92-b2093d62739d,BRCH-TRCY-802-HAM-1,ABIT36422,transfer,370.14,,,GB55A1899498623707047636913,IT79Z3132921345218816901038837,9331.03,Rent payment Mar - Rental Management,2087-03-04 14:21:11+00:00,BRCH-TRCY,,2.0,,2.0,,2.0,,0.95,0.0,Tracy,Birch,Tracy Birch,Hampstead,51.5541,-0.1744,12700.0,Ride-share Driver,GB55A1899498623707047636913,BRCH-TRCY,,,,,,,,,,,,,51.5882,-0.2466,2087-03-03 10:31:54+00:00,63,9,0.09363768115941984,-0.09446505919722813,0,0,0,1,36,0,0.0,0.0,0.0,2331223.0,0.8,0.8,0.0,,,0.0,0.04432156271946868,3.0,0.09363768115941984,-0.09446505919722813,1,0,1,0.8875,0.8625,0.050000000000000044,0,1,0,0.18896426118889845,1.2294553228977884e-05,0.09448827787106372,0.06837750261876359,unseen_method_in_reference,0.43007899324207927,rapid_sequence;rare_vs_reference_hour;rare_vs_reference_weekday,0.006500000000000006,geo_consistent,0.0,no_risky_communication_context,0.09162971535091888,stable_profile,0.12269484814483506,rapid_sequence;rare_vs_reference_hour;rare_vs_reference_weekday | stable_profile | unseen_method_in_reference,False,0.35
0ed77000-3456-4052-8c6e-0a66f94561ca,GRSC-KRLH-807-DIE-1,ABIT68841,transfer,978.9,,,DE41E6333599170389191000654,IT87X9744454583635094041887989,17931.93,Rent payment Mar - Residenze Milano Dietzenbach,2087-03-04 15:55:23+00:00,GRSC-KRLH,,1.0,,1.0,,1.0,,0.95,0.0,Karl-Hermann,Girschner,Karl-Hermann Girschner,Dietzenbach,50.0167,8.7833,33200.0,Freelance Designer,DE41E6333599170389191000654,GRSC-KRLH,,,,,,,,,,,,,50.0544,8.7525,2087-03-04 01:52:33+00:00,66,9,0.18698563794255155,0.12857611027676463,0,0,0,1,47,0,0.0,0.0,0.0,2264591.0,0.7857142857142857,0.8571428571428572,0.0,,,0.0,0.03473588786996298,1.0,0.18698563794255155,0.12857611027676463,1,0,1,0.8875,0.8625,0.050000000000000044,0,1,0,0.0,1.3929725730147208e-05,6.964862865073604e-06,0.06542795098419743,unseen_method_in_reference,0.4326517544580822,rapid_sequence;unusual_weekday;rare_vs_reference_hour;rare_vs_reference_weekday,0.006500000000000006,geo_consistent,0.0,no_risky_communication_context,0.07274440060208023,stable_profile,0.11898416927556617,rapid_sequence;unusual_weekday;rare_vs_reference_hour;rare_vs_reference_weekday | stable_profile | unseen_method_in_reference,False,0.35
